-- phpMyAdmin SQL Dump
-- version 2.10.3
-- http://www.phpmyadmin.net
-- 
-- Servidor: localhost
-- Tiempo de generación: 27-05-2016 a las 12:33:09
-- Versión del servidor: 5.0.51
-- Versión de PHP: 5.2.6

SET SQL_MODE="NO_AUTO_VALUE_ON_ZERO";

-- 
-- Base de datos: `FUNA-C 2`
-- 

-- --------------------------------------------------------

-- 
-- Estructura de tabla para la tabla `administradores`
-- 

CREATE TABLE `administradores` (
  `id_admin` int(11) NOT NULL auto_increment,
  `nombre_admin` varchar(50) NOT NULL,
  `numero_doc` varchar(50) NOT NULL,
  `tipodoc_tipodoc` int(11) NOT NULL,
  `sexo_sexo` int(11) NOT NULL,
  `ciudad_ciudad` int(11) NOT NULL,
  `depart_admin` int(11) NOT NULL,
  `perfil_admin` int(11) NOT NULL,
  PRIMARY KEY  (`id_admin`),
  KEY `tipodoc_tipodoc` (`tipodoc_tipodoc`,`sexo_sexo`,`ciudad_ciudad`),
  KEY `ciudad_ciudad` (`ciudad_ciudad`),
  KEY `sexo_sexo` (`sexo_sexo`),
  KEY `depart_admin` (`depart_admin`),
  KEY `id_perfil_usuario` (`perfil_admin`)
) ENGINE=InnoDB  DEFAULT CHARSET=utf8 AUTO_INCREMENT=6 ;

-- 
-- Volcar la base de datos para la tabla `administradores`
-- 

INSERT INTO `administradores` VALUES (1, 'Cristian Camilo Novoa Guerrero', '98081550727', 1, 1, 11111, 11, 1);
INSERT INTO `administradores` VALUES (2, 'Jose Alfredo Castaño Muñoz', '1012438733', 2, 1, 11111, 11, 1);
INSERT INTO `administradores` VALUES (3, 'Kevin Alexander Garcia Bermudez', '1018480243', 2, 1, 11111, 11, 1);
INSERT INTO `administradores` VALUES (4, 'Joan Steven Medina Beltran', '', 2, 1, 11111, 11, 1);
INSERT INTO `administradores` VALUES (5, 'Jonatan Estid Quintero Rios', '', 2, 1, 5001, 5, 1);

-- --------------------------------------------------------

-- 
-- Estructura de tabla para la tabla `admin_uni`
-- 

CREATE TABLE `admin_uni` (
  `cod_admin` int(11) NOT NULL,
  `cod_uni` int(11) NOT NULL,
  KEY `cod_admin` (`cod_admin`,`cod_uni`),
  KEY `cod_uni` (`cod_uni`)
) ENGINE=InnoDB DEFAULT CHARSET=utf8;

-- 
-- Volcar la base de datos para la tabla `admin_uni`
-- 

INSERT INTO `admin_uni` VALUES (1, 0);
INSERT INTO `admin_uni` VALUES (1, 2);
INSERT INTO `admin_uni` VALUES (1, 3);
INSERT INTO `admin_uni` VALUES (1, 4);
INSERT INTO `admin_uni` VALUES (1, 5);
INSERT INTO `admin_uni` VALUES (1, 6);
INSERT INTO `admin_uni` VALUES (1, 7);
INSERT INTO `admin_uni` VALUES (1, 8);
INSERT INTO `admin_uni` VALUES (1, 9);
INSERT INTO `admin_uni` VALUES (1, 10);
INSERT INTO `admin_uni` VALUES (1, 11);
INSERT INTO `admin_uni` VALUES (1, 12);
INSERT INTO `admin_uni` VALUES (1, 13);
INSERT INTO `admin_uni` VALUES (1, 14);
INSERT INTO `admin_uni` VALUES (1, 15);
INSERT INTO `admin_uni` VALUES (1, 16);
INSERT INTO `admin_uni` VALUES (1, 17);
INSERT INTO `admin_uni` VALUES (1, 18);
INSERT INTO `admin_uni` VALUES (1, 19);
INSERT INTO `admin_uni` VALUES (1, 20);
INSERT INTO `admin_uni` VALUES (2, 0);
INSERT INTO `admin_uni` VALUES (2, 2);
INSERT INTO `admin_uni` VALUES (2, 3);
INSERT INTO `admin_uni` VALUES (2, 4);
INSERT INTO `admin_uni` VALUES (2, 5);
INSERT INTO `admin_uni` VALUES (2, 6);
INSERT INTO `admin_uni` VALUES (2, 7);
INSERT INTO `admin_uni` VALUES (2, 8);
INSERT INTO `admin_uni` VALUES (2, 9);
INSERT INTO `admin_uni` VALUES (2, 10);
INSERT INTO `admin_uni` VALUES (2, 11);
INSERT INTO `admin_uni` VALUES (2, 12);
INSERT INTO `admin_uni` VALUES (2, 13);
INSERT INTO `admin_uni` VALUES (2, 14);
INSERT INTO `admin_uni` VALUES (2, 15);
INSERT INTO `admin_uni` VALUES (2, 16);
INSERT INTO `admin_uni` VALUES (2, 17);
INSERT INTO `admin_uni` VALUES (2, 18);
INSERT INTO `admin_uni` VALUES (2, 19);
INSERT INTO `admin_uni` VALUES (2, 20);
INSERT INTO `admin_uni` VALUES (3, 0);
INSERT INTO `admin_uni` VALUES (3, 2);
INSERT INTO `admin_uni` VALUES (3, 3);
INSERT INTO `admin_uni` VALUES (3, 4);
INSERT INTO `admin_uni` VALUES (3, 5);
INSERT INTO `admin_uni` VALUES (3, 6);
INSERT INTO `admin_uni` VALUES (3, 7);
INSERT INTO `admin_uni` VALUES (3, 8);
INSERT INTO `admin_uni` VALUES (3, 9);
INSERT INTO `admin_uni` VALUES (3, 10);
INSERT INTO `admin_uni` VALUES (3, 11);
INSERT INTO `admin_uni` VALUES (3, 12);
INSERT INTO `admin_uni` VALUES (3, 13);
INSERT INTO `admin_uni` VALUES (3, 14);
INSERT INTO `admin_uni` VALUES (3, 15);
INSERT INTO `admin_uni` VALUES (3, 16);
INSERT INTO `admin_uni` VALUES (3, 17);
INSERT INTO `admin_uni` VALUES (3, 18);
INSERT INTO `admin_uni` VALUES (3, 19);
INSERT INTO `admin_uni` VALUES (3, 20);
INSERT INTO `admin_uni` VALUES (4, 0);
INSERT INTO `admin_uni` VALUES (4, 2);
INSERT INTO `admin_uni` VALUES (4, 3);
INSERT INTO `admin_uni` VALUES (4, 4);
INSERT INTO `admin_uni` VALUES (4, 5);
INSERT INTO `admin_uni` VALUES (4, 6);
INSERT INTO `admin_uni` VALUES (4, 7);
INSERT INTO `admin_uni` VALUES (4, 8);
INSERT INTO `admin_uni` VALUES (4, 9);
INSERT INTO `admin_uni` VALUES (4, 10);
INSERT INTO `admin_uni` VALUES (4, 11);
INSERT INTO `admin_uni` VALUES (4, 12);
INSERT INTO `admin_uni` VALUES (4, 13);
INSERT INTO `admin_uni` VALUES (4, 14);
INSERT INTO `admin_uni` VALUES (4, 15);
INSERT INTO `admin_uni` VALUES (4, 16);
INSERT INTO `admin_uni` VALUES (4, 17);
INSERT INTO `admin_uni` VALUES (4, 18);
INSERT INTO `admin_uni` VALUES (4, 19);
INSERT INTO `admin_uni` VALUES (4, 20);
INSERT INTO `admin_uni` VALUES (5, 0);
INSERT INTO `admin_uni` VALUES (5, 2);
INSERT INTO `admin_uni` VALUES (5, 3);
INSERT INTO `admin_uni` VALUES (5, 4);
INSERT INTO `admin_uni` VALUES (5, 5);
INSERT INTO `admin_uni` VALUES (5, 6);
INSERT INTO `admin_uni` VALUES (5, 7);
INSERT INTO `admin_uni` VALUES (5, 8);
INSERT INTO `admin_uni` VALUES (5, 9);
INSERT INTO `admin_uni` VALUES (5, 10);
INSERT INTO `admin_uni` VALUES (5, 11);
INSERT INTO `admin_uni` VALUES (5, 12);
INSERT INTO `admin_uni` VALUES (5, 13);
INSERT INTO `admin_uni` VALUES (5, 14);
INSERT INTO `admin_uni` VALUES (5, 15);
INSERT INTO `admin_uni` VALUES (5, 16);
INSERT INTO `admin_uni` VALUES (5, 17);
INSERT INTO `admin_uni` VALUES (5, 18);
INSERT INTO `admin_uni` VALUES (5, 19);
INSERT INTO `admin_uni` VALUES (5, 20);

-- --------------------------------------------------------

-- 
-- Estructura de tabla para la tabla `carreras`
-- 

CREATE TABLE `carreras` (
  `id_carrera` int(11) NOT NULL auto_increment,
  `nombre_carrera` varchar(35) NOT NULL,
  `costo_carrera` varchar(50) NOT NULL,
  PRIMARY KEY  (`id_carrera`)
) ENGINE=InnoDB  DEFAULT CHARSET=utf8 AUTO_INCREMENT=37 ;

-- 
-- Volcar la base de datos para la tabla `carreras`
-- 

INSERT INTO `carreras` VALUES (1, 'Administración Pública Territorial', '0');
INSERT INTO `carreras` VALUES (2, 'Administración Pública', '0');
INSERT INTO `carreras` VALUES (3, 'Ingeniería Agrícola ', '0');
INSERT INTO `carreras` VALUES (4, 'Ingeniería Civil', '0');
INSERT INTO `carreras` VALUES (5, 'Ingeniería de Sistemas', '0');
INSERT INTO `carreras` VALUES (6, 'Ingeniería Eléctrica', '0');
INSERT INTO `carreras` VALUES (7, 'Ingeniería Ambiental', '0');
INSERT INTO `carreras` VALUES (8, 'Ingeniería Civil', '0');
INSERT INTO `carreras` VALUES (9, 'Ingeniería de Sistemas', '0');
INSERT INTO `carreras` VALUES (10, 'Ingeniería Eléctrica', '0');
INSERT INTO `carreras` VALUES (11, 'Ingeniería Electrónica', '0');
INSERT INTO `carreras` VALUES (12, 'Administración de Empresas', '0');
INSERT INTO `carreras` VALUES (13, 'Contaduría Pública', '0');
INSERT INTO `carreras` VALUES (14, 'Ingeniería en Multimedia', '0');
INSERT INTO `carreras` VALUES (15, 'Tecnología en Electrónica y Comunic', '0');
INSERT INTO `carreras` VALUES (16, 'Economía', '0');
INSERT INTO `carreras` VALUES (17, 'Administración de Empresas', '0');
INSERT INTO `carreras` VALUES (18, 'Agronomía ', '0');
INSERT INTO `carreras` VALUES (19, 'Comunicación Social ', '0');
INSERT INTO `carreras` VALUES (20, 'Ingeniería de Alimentos ', '0');
INSERT INTO `carreras` VALUES (21, 'Ingeniería Industrial ', '0');
INSERT INTO `carreras` VALUES (22, 'Psicología ', '0');
INSERT INTO `carreras` VALUES (23, 'Licenciatura en Artes Escénicas', '0');
INSERT INTO `carreras` VALUES (24, 'Licenciatura en Artes Visuales', '0');
INSERT INTO `carreras` VALUES (25, 'Licenciatura en Biología', '0');
INSERT INTO `carreras` VALUES (26, 'Licenciatura en Química', '0');
INSERT INTO `carreras` VALUES (27, 'Licenciatura en Electrónica', '0');
INSERT INTO `carreras` VALUES (28, 'Licenciatura en Educación Comunitar', '0');
INSERT INTO `carreras` VALUES (29, 'Licenciatura en Deporte', '0');
INSERT INTO `carreras` VALUES (30, 'Administración de Empresas Comercia', '0');
INSERT INTO `carreras` VALUES (31, 'Tecnología en Asistencia Gerencial', '0');
INSERT INTO `carreras` VALUES (32, 'Trabajo Social', '0');
INSERT INTO `carreras` VALUES (33, 'Turismo', '0');
INSERT INTO `carreras` VALUES (34, 'Tecnología en Delineantes de Arquit', '0');
INSERT INTO `carreras` VALUES (35, 'Tecnología en Administración y Ejec', '0');
INSERT INTO `carreras` VALUES (36, 'Construcción y Gestión en Arquitect', '0');

-- --------------------------------------------------------

-- 
-- Estructura de tabla para la tabla `ciudad`
-- 

CREATE TABLE `ciudad` (
  `id_ciudad` int(11) NOT NULL,
  `nombre_ciudad` varchar(20) NOT NULL,
  `depart_depart` int(11) NOT NULL,
  PRIMARY KEY  (`id_ciudad`),
  KEY `depart_depart` (`depart_depart`)
) ENGINE=InnoDB DEFAULT CHARSET=utf8;

-- 
-- Volcar la base de datos para la tabla `ciudad`
-- 

INSERT INTO `ciudad` VALUES (5001, 'MEDELLIN', 5);
INSERT INTO `ciudad` VALUES (5002, 'ABEJORRAL', 5);
INSERT INTO `ciudad` VALUES (5004, 'ABRIAQUI', 5);
INSERT INTO `ciudad` VALUES (5021, 'ALEJANDRIA', 5);
INSERT INTO `ciudad` VALUES (5030, 'AMAGA', 5);
INSERT INTO `ciudad` VALUES (5031, 'AMALFI', 5);
INSERT INTO `ciudad` VALUES (5034, 'ANDES', 5);
INSERT INTO `ciudad` VALUES (5036, 'ANGELOPOLIS', 5);
INSERT INTO `ciudad` VALUES (5038, 'ANGOSTURA', 5);
INSERT INTO `ciudad` VALUES (5040, 'ANORI', 5);
INSERT INTO `ciudad` VALUES (5042, 'SANTAFE DE ANTIOQUIA', 5);
INSERT INTO `ciudad` VALUES (5044, 'ANZA', 5);
INSERT INTO `ciudad` VALUES (5045, 'APARTADO', 5);
INSERT INTO `ciudad` VALUES (5051, 'ARBOLETES', 5);
INSERT INTO `ciudad` VALUES (5055, 'ARGELIA', 5);
INSERT INTO `ciudad` VALUES (5059, 'ARMENIA', 5);
INSERT INTO `ciudad` VALUES (5079, 'BARBOSA', 5);
INSERT INTO `ciudad` VALUES (5086, 'BELMIRA', 5);
INSERT INTO `ciudad` VALUES (5088, 'BELLO', 5);
INSERT INTO `ciudad` VALUES (5091, 'BETANIA', 5);
INSERT INTO `ciudad` VALUES (5093, 'BETULIA', 5);
INSERT INTO `ciudad` VALUES (5101, 'CIUDAD BOLIVAR', 5);
INSERT INTO `ciudad` VALUES (5107, 'BRICEÑO', 5);
INSERT INTO `ciudad` VALUES (5113, 'BURITICA', 5);
INSERT INTO `ciudad` VALUES (5120, 'CACERES', 5);
INSERT INTO `ciudad` VALUES (5125, 'CAICEDO', 5);
INSERT INTO `ciudad` VALUES (5129, 'CALDAS', 5);
INSERT INTO `ciudad` VALUES (5134, 'CAMPAMENTO', 5);
INSERT INTO `ciudad` VALUES (5138, 'CAÑASGORDAS', 5);
INSERT INTO `ciudad` VALUES (5142, 'CARACOLI', 5);
INSERT INTO `ciudad` VALUES (5145, 'CARAMANTA', 5);
INSERT INTO `ciudad` VALUES (5147, 'CAREPA', 5);
INSERT INTO `ciudad` VALUES (5148, 'EL CARMEN DE VIBORAL', 5);
INSERT INTO `ciudad` VALUES (5150, 'CAROLINA', 5);
INSERT INTO `ciudad` VALUES (5154, 'CAUCASIA', 5);
INSERT INTO `ciudad` VALUES (5172, 'CHIGORODO', 5);
INSERT INTO `ciudad` VALUES (5190, 'CISNEROS', 5);
INSERT INTO `ciudad` VALUES (5197, 'COCORNA', 5);
INSERT INTO `ciudad` VALUES (5206, 'CONCEPCION', 5);
INSERT INTO `ciudad` VALUES (5209, 'CONCORDIA', 5);
INSERT INTO `ciudad` VALUES (5212, 'COPACABANA', 5);
INSERT INTO `ciudad` VALUES (5234, 'DABEIBA', 5);
INSERT INTO `ciudad` VALUES (5237, 'DON MATIAS', 5);
INSERT INTO `ciudad` VALUES (5240, 'EBEJICO', 5);
INSERT INTO `ciudad` VALUES (5250, 'EL BAGRE', 5);
INSERT INTO `ciudad` VALUES (5264, 'ENTRERRIOS', 5);
INSERT INTO `ciudad` VALUES (5266, 'ENVIGADO', 5);
INSERT INTO `ciudad` VALUES (5282, 'FREDONIA', 5);
INSERT INTO `ciudad` VALUES (5284, 'FRONTINO', 5);
INSERT INTO `ciudad` VALUES (5306, 'GIRALDO', 5);
INSERT INTO `ciudad` VALUES (5308, 'GIRARDOTA', 5);
INSERT INTO `ciudad` VALUES (5310, 'GOMEZ PLATA', 5);
INSERT INTO `ciudad` VALUES (5313, 'GRANADA', 5);
INSERT INTO `ciudad` VALUES (5315, 'GUADALUPE', 5);
INSERT INTO `ciudad` VALUES (5318, 'GUARNE', 5);
INSERT INTO `ciudad` VALUES (5321, 'GUATAPE', 5);
INSERT INTO `ciudad` VALUES (5347, 'HELICONIA', 5);
INSERT INTO `ciudad` VALUES (5353, 'HISPANIA', 5);
INSERT INTO `ciudad` VALUES (5360, 'ITAGUI', 5);
INSERT INTO `ciudad` VALUES (5361, 'ITUANGO', 5);
INSERT INTO `ciudad` VALUES (5364, 'JARDIN', 5);
INSERT INTO `ciudad` VALUES (5368, 'JERICO', 5);
INSERT INTO `ciudad` VALUES (5376, 'LA CEJA', 5);
INSERT INTO `ciudad` VALUES (5380, 'LA ESTRELLA', 5);
INSERT INTO `ciudad` VALUES (5390, 'LA PINTADA', 5);
INSERT INTO `ciudad` VALUES (5400, 'LA UNION', 5);
INSERT INTO `ciudad` VALUES (5411, 'LIBORINA', 5);
INSERT INTO `ciudad` VALUES (5425, 'MACEO', 5);
INSERT INTO `ciudad` VALUES (5440, 'MARINILLA', 5);
INSERT INTO `ciudad` VALUES (5467, 'MONTEBELLO', 5);
INSERT INTO `ciudad` VALUES (5475, 'MURINDO', 5);
INSERT INTO `ciudad` VALUES (5480, 'MUTATA', 5);
INSERT INTO `ciudad` VALUES (5483, 'NARIÑO', 5);
INSERT INTO `ciudad` VALUES (5490, 'NECOCLI', 5);
INSERT INTO `ciudad` VALUES (5495, 'NECHI', 5);
INSERT INTO `ciudad` VALUES (5501, 'OLAYA', 5);
INSERT INTO `ciudad` VALUES (5541, 'PEÐOL', 5);
INSERT INTO `ciudad` VALUES (5543, 'PEQUE', 5);
INSERT INTO `ciudad` VALUES (5576, 'PUEBLORRICO', 5);
INSERT INTO `ciudad` VALUES (5579, 'PUERTO BERRIO', 5);
INSERT INTO `ciudad` VALUES (5585, 'PUERTO NARE', 5);
INSERT INTO `ciudad` VALUES (5591, 'PUERTO TRIUNFO', 5);
INSERT INTO `ciudad` VALUES (5604, 'REMEDIOS', 5);
INSERT INTO `ciudad` VALUES (5607, 'RETIRO', 5);
INSERT INTO `ciudad` VALUES (5615, 'RIONEGRO', 5);
INSERT INTO `ciudad` VALUES (5628, 'SABANALARGA', 5);
INSERT INTO `ciudad` VALUES (5631, 'SABANETA', 5);
INSERT INTO `ciudad` VALUES (5642, 'SALGAR', 5);
INSERT INTO `ciudad` VALUES (5647, 'SAN ANDRES DE CUERQU', 5);
INSERT INTO `ciudad` VALUES (5649, 'SAN CARLOS', 5);
INSERT INTO `ciudad` VALUES (5652, 'SAN FRANCISCO', 5);
INSERT INTO `ciudad` VALUES (5656, 'SAN JERONIMO', 5);
INSERT INTO `ciudad` VALUES (5658, 'SAN JOSE DE LA MONTA', 5);
INSERT INTO `ciudad` VALUES (5659, 'SAN JUAN DE URABA', 5);
INSERT INTO `ciudad` VALUES (5660, 'SAN LUIS', 5);
INSERT INTO `ciudad` VALUES (5664, 'SAN PEDRO', 5);
INSERT INTO `ciudad` VALUES (5665, 'SAN PEDRO DE URABA', 5);
INSERT INTO `ciudad` VALUES (5667, 'SAN RAFAEL', 5);
INSERT INTO `ciudad` VALUES (5670, 'SAN ROQUE', 5);
INSERT INTO `ciudad` VALUES (5674, 'SAN VICENTE', 5);
INSERT INTO `ciudad` VALUES (5679, 'SANTA BARBARA', 5);
INSERT INTO `ciudad` VALUES (5686, 'SANTA ROSA DE OSOS', 5);
INSERT INTO `ciudad` VALUES (5690, 'SANTO DOMINGO', 5);
INSERT INTO `ciudad` VALUES (5697, 'EL SANTUARIO', 5);
INSERT INTO `ciudad` VALUES (5736, 'SEGOVIA', 5);
INSERT INTO `ciudad` VALUES (5756, 'SONSON', 5);
INSERT INTO `ciudad` VALUES (5761, 'SOPETRAN', 5);
INSERT INTO `ciudad` VALUES (5789, 'TAMESIS', 5);
INSERT INTO `ciudad` VALUES (5790, 'TARAZA', 5);
INSERT INTO `ciudad` VALUES (5792, 'TARSO', 5);
INSERT INTO `ciudad` VALUES (5809, 'TITIRIBI', 5);
INSERT INTO `ciudad` VALUES (5819, 'TOLEDO', 5);
INSERT INTO `ciudad` VALUES (5837, 'TURBO', 5);
INSERT INTO `ciudad` VALUES (5842, 'URAMITA', 5);
INSERT INTO `ciudad` VALUES (5847, 'URRAO', 5);
INSERT INTO `ciudad` VALUES (5854, 'VALDIVIA', 5);
INSERT INTO `ciudad` VALUES (5856, 'VALPARAISO', 5);
INSERT INTO `ciudad` VALUES (5858, 'VEGACHI', 5);
INSERT INTO `ciudad` VALUES (5861, 'VENECIA', 5);
INSERT INTO `ciudad` VALUES (5873, 'VIGIA DEL FUERTE', 5);
INSERT INTO `ciudad` VALUES (5885, 'YALI', 5);
INSERT INTO `ciudad` VALUES (5887, 'YARUMAL', 5);
INSERT INTO `ciudad` VALUES (5890, 'YOLOMBO', 5);
INSERT INTO `ciudad` VALUES (5893, 'YONDO', 5);
INSERT INTO `ciudad` VALUES (5895, 'ZARAGOZA', 5);
INSERT INTO `ciudad` VALUES (8001, 'BARRANQUILLA', 8);
INSERT INTO `ciudad` VALUES (8078, 'BARANOA', 8);
INSERT INTO `ciudad` VALUES (8137, 'CAMPO DE LA CRUZ', 8);
INSERT INTO `ciudad` VALUES (8141, 'CANDELARIA', 8);
INSERT INTO `ciudad` VALUES (8296, 'GALAPA', 8);
INSERT INTO `ciudad` VALUES (8372, 'JUAN DE ACOSTA', 8);
INSERT INTO `ciudad` VALUES (8421, 'LURUACO', 8);
INSERT INTO `ciudad` VALUES (8433, 'MALAMBO', 8);
INSERT INTO `ciudad` VALUES (8436, 'MANATI', 8);
INSERT INTO `ciudad` VALUES (8520, 'PALMAR DE VARELA', 8);
INSERT INTO `ciudad` VALUES (8549, 'PIOJO', 8);
INSERT INTO `ciudad` VALUES (8558, 'POLONUEVO', 8);
INSERT INTO `ciudad` VALUES (8560, 'PONEDERA', 8);
INSERT INTO `ciudad` VALUES (8573, 'PUERTO COLOMBIA', 8);
INSERT INTO `ciudad` VALUES (8606, 'REPELON', 8);
INSERT INTO `ciudad` VALUES (8634, 'SABANAGRANDE', 8);
INSERT INTO `ciudad` VALUES (8638, 'SABANALARGA', 8);
INSERT INTO `ciudad` VALUES (8675, 'SANTA LUCIA', 8);
INSERT INTO `ciudad` VALUES (8685, 'SANTO TOMAS', 8);
INSERT INTO `ciudad` VALUES (8758, 'SOLEDAD', 8);
INSERT INTO `ciudad` VALUES (8770, 'SUAN', 8);
INSERT INTO `ciudad` VALUES (8832, 'TUBARA', 8);
INSERT INTO `ciudad` VALUES (8849, 'USIACURI', 8);
INSERT INTO `ciudad` VALUES (11001, 'BOGOTA, D.C.', 11);
INSERT INTO `ciudad` VALUES (11111, 'BOGOTA D.C', 11);
INSERT INTO `ciudad` VALUES (13001, 'CARTAGENA', 13);
INSERT INTO `ciudad` VALUES (13006, 'ACHI', 13);
INSERT INTO `ciudad` VALUES (13030, 'ALTOS DEL ROSARIO', 13);
INSERT INTO `ciudad` VALUES (13042, 'ARENAL', 13);
INSERT INTO `ciudad` VALUES (13052, 'ARJONA', 13);
INSERT INTO `ciudad` VALUES (13062, 'ARROYOHONDO', 13);
INSERT INTO `ciudad` VALUES (13074, 'BARRANCO DE LOBA', 13);
INSERT INTO `ciudad` VALUES (13140, 'CALAMAR', 13);
INSERT INTO `ciudad` VALUES (13160, 'CANTAGALLO', 13);
INSERT INTO `ciudad` VALUES (13188, 'CICUCO', 13);
INSERT INTO `ciudad` VALUES (13212, 'CORDOBA', 13);
INSERT INTO `ciudad` VALUES (13222, 'CLEMENCIA', 13);
INSERT INTO `ciudad` VALUES (13244, 'EL CARMEN DE BOLIVAR', 13);
INSERT INTO `ciudad` VALUES (13248, 'EL GUAMO', 13);
INSERT INTO `ciudad` VALUES (13268, 'EL PEÑON', 13);
INSERT INTO `ciudad` VALUES (13300, 'HATILLO DE LOBA', 13);
INSERT INTO `ciudad` VALUES (13430, 'MAGANGUE', 13);
INSERT INTO `ciudad` VALUES (13433, 'MAHATES', 13);
INSERT INTO `ciudad` VALUES (13440, 'MARGARITA', 13);
INSERT INTO `ciudad` VALUES (13442, 'MARIA LA BAJA', 13);
INSERT INTO `ciudad` VALUES (13458, 'MONTECRISTO', 13);
INSERT INTO `ciudad` VALUES (13468, 'MOMPOS', 13);
INSERT INTO `ciudad` VALUES (13473, 'MORALES', 13);
INSERT INTO `ciudad` VALUES (13490, 'NOROSI', 13);
INSERT INTO `ciudad` VALUES (13549, 'PINILLOS', 13);
INSERT INTO `ciudad` VALUES (13580, 'REGIDOR', 13);
INSERT INTO `ciudad` VALUES (13600, 'RIO VIEJO', 13);
INSERT INTO `ciudad` VALUES (13620, 'SAN CRISTOBAL', 13);
INSERT INTO `ciudad` VALUES (13647, 'SAN ESTANISLAO', 13);
INSERT INTO `ciudad` VALUES (13650, 'SAN FERNANDO', 13);
INSERT INTO `ciudad` VALUES (13654, 'SAN JACINTO', 13);
INSERT INTO `ciudad` VALUES (13655, 'SAN JACINTO DEL CAUC', 13);
INSERT INTO `ciudad` VALUES (13657, 'SAN JUAN NEPOMUCENO', 13);
INSERT INTO `ciudad` VALUES (13667, 'SAN MARTIN DE LOBA', 13);
INSERT INTO `ciudad` VALUES (13670, 'SAN PABLO', 13);
INSERT INTO `ciudad` VALUES (13673, 'SANTA CATALINA', 13);
INSERT INTO `ciudad` VALUES (13683, 'SANTA ROSA', 13);
INSERT INTO `ciudad` VALUES (13688, 'SANTA ROSA DEL SUR', 13);
INSERT INTO `ciudad` VALUES (13744, 'SIMITI', 13);
INSERT INTO `ciudad` VALUES (13760, 'SOPLAVIENTO', 13);
INSERT INTO `ciudad` VALUES (13780, 'TALAIGUA NUEVO', 13);
INSERT INTO `ciudad` VALUES (13810, 'TIQUISIO', 13);
INSERT INTO `ciudad` VALUES (13836, 'TURBACO', 13);
INSERT INTO `ciudad` VALUES (13838, 'TURBANA', 13);
INSERT INTO `ciudad` VALUES (13873, 'VILLANUEVA', 13);
INSERT INTO `ciudad` VALUES (13894, 'ZAMBRANO', 13);
INSERT INTO `ciudad` VALUES (15001, 'TUNJA', 15);
INSERT INTO `ciudad` VALUES (15022, 'ALMEIDA', 15);
INSERT INTO `ciudad` VALUES (15047, 'AQUITANIA', 15);
INSERT INTO `ciudad` VALUES (15051, 'ARCABUCO', 15);
INSERT INTO `ciudad` VALUES (15087, 'BELEN', 15);
INSERT INTO `ciudad` VALUES (15090, 'BERBEO', 15);
INSERT INTO `ciudad` VALUES (15092, 'BETEITIVA', 15);
INSERT INTO `ciudad` VALUES (15097, 'BOAVITA', 15);
INSERT INTO `ciudad` VALUES (15104, 'BOYACA', 15);
INSERT INTO `ciudad` VALUES (15106, 'BRICEÑO', 15);
INSERT INTO `ciudad` VALUES (15109, 'BUENAVISTA', 15);
INSERT INTO `ciudad` VALUES (15114, 'BUSBANZA', 15);
INSERT INTO `ciudad` VALUES (15131, 'CALDAS', 15);
INSERT INTO `ciudad` VALUES (15135, 'CAMPOHERMOSO', 15);
INSERT INTO `ciudad` VALUES (15162, 'CERINZA', 15);
INSERT INTO `ciudad` VALUES (15172, 'CHINAVITA', 15);
INSERT INTO `ciudad` VALUES (15176, 'CHIQUINQUIRA', 15);
INSERT INTO `ciudad` VALUES (15180, 'CHISCAS', 15);
INSERT INTO `ciudad` VALUES (15183, 'CHITA', 15);
INSERT INTO `ciudad` VALUES (15185, 'CHITARAQUE', 15);
INSERT INTO `ciudad` VALUES (15187, 'CHIVATA', 15);
INSERT INTO `ciudad` VALUES (15189, 'CIENEGA', 15);
INSERT INTO `ciudad` VALUES (15204, 'COMBITA', 15);
INSERT INTO `ciudad` VALUES (15212, 'COPER', 15);
INSERT INTO `ciudad` VALUES (15215, 'CORRALES', 15);
INSERT INTO `ciudad` VALUES (15218, 'COVARACHIA', 15);
INSERT INTO `ciudad` VALUES (15223, 'CUBARA', 15);
INSERT INTO `ciudad` VALUES (15224, 'CUCAITA', 15);
INSERT INTO `ciudad` VALUES (15226, 'CUITIVA', 15);
INSERT INTO `ciudad` VALUES (15232, 'CHIQUIZA', 15);
INSERT INTO `ciudad` VALUES (15236, 'CHIVOR', 15);
INSERT INTO `ciudad` VALUES (15238, 'DUITAMA', 15);
INSERT INTO `ciudad` VALUES (15244, 'EL COCUY', 15);
INSERT INTO `ciudad` VALUES (15248, 'EL ESPINO', 15);
INSERT INTO `ciudad` VALUES (15272, 'FIRAVITOBA', 15);
INSERT INTO `ciudad` VALUES (15276, 'FLORESTA', 15);
INSERT INTO `ciudad` VALUES (15293, 'GACHANTIVA', 15);
INSERT INTO `ciudad` VALUES (15296, 'GAMEZA', 15);
INSERT INTO `ciudad` VALUES (15299, 'GARAGOA', 15);
INSERT INTO `ciudad` VALUES (15317, 'GUACAMAYAS', 15);
INSERT INTO `ciudad` VALUES (15322, 'GUATEQUE', 15);
INSERT INTO `ciudad` VALUES (15325, 'GUAYATA', 15);
INSERT INTO `ciudad` VALUES (15332, 'GsICAN', 15);
INSERT INTO `ciudad` VALUES (15362, 'IZA', 15);
INSERT INTO `ciudad` VALUES (15367, 'JENESANO', 15);
INSERT INTO `ciudad` VALUES (15368, 'JERICO', 15);
INSERT INTO `ciudad` VALUES (15377, 'LABRANZAGRANDE', 15);
INSERT INTO `ciudad` VALUES (15380, 'LA CAPILLA', 15);
INSERT INTO `ciudad` VALUES (15401, 'LA VICTORIA', 15);
INSERT INTO `ciudad` VALUES (15403, 'LA UVITA', 15);
INSERT INTO `ciudad` VALUES (15407, 'VILLA DE LEYVA', 15);
INSERT INTO `ciudad` VALUES (15425, 'MACANAL', 15);
INSERT INTO `ciudad` VALUES (15442, 'MARIPI', 15);
INSERT INTO `ciudad` VALUES (15455, 'MIRAFLORES', 15);
INSERT INTO `ciudad` VALUES (15464, 'MONGUA', 15);
INSERT INTO `ciudad` VALUES (15466, 'MONGUI', 15);
INSERT INTO `ciudad` VALUES (15469, 'MONIQUIRA', 15);
INSERT INTO `ciudad` VALUES (15476, 'MOTAVITA', 15);
INSERT INTO `ciudad` VALUES (15480, 'MUZO', 15);
INSERT INTO `ciudad` VALUES (15491, 'NOBSA', 15);
INSERT INTO `ciudad` VALUES (15494, 'NUEVO COLON', 15);
INSERT INTO `ciudad` VALUES (15500, 'OICATA', 15);
INSERT INTO `ciudad` VALUES (15507, 'OTANCHE', 15);
INSERT INTO `ciudad` VALUES (15511, 'PACHAVITA', 15);
INSERT INTO `ciudad` VALUES (15514, 'PAEZ', 15);
INSERT INTO `ciudad` VALUES (15516, 'PAIPA', 15);
INSERT INTO `ciudad` VALUES (15518, 'PAJARITO', 15);
INSERT INTO `ciudad` VALUES (15522, 'PANQUEBA', 15);
INSERT INTO `ciudad` VALUES (15531, 'PAUNA', 15);
INSERT INTO `ciudad` VALUES (15533, 'PAYA', 15);
INSERT INTO `ciudad` VALUES (15537, 'PAZ DE RIO', 15);
INSERT INTO `ciudad` VALUES (15542, 'PESCA', 15);
INSERT INTO `ciudad` VALUES (15550, 'PISBA', 15);
INSERT INTO `ciudad` VALUES (15572, 'PUERTO BOYACA', 15);
INSERT INTO `ciudad` VALUES (15580, 'QUIPAMA', 15);
INSERT INTO `ciudad` VALUES (15599, 'RAMIRIQUI', 15);
INSERT INTO `ciudad` VALUES (15600, 'RAQUIRA', 15);
INSERT INTO `ciudad` VALUES (15621, 'RONDON', 15);
INSERT INTO `ciudad` VALUES (15632, 'SABOYA', 15);
INSERT INTO `ciudad` VALUES (15638, 'SACHICA', 15);
INSERT INTO `ciudad` VALUES (15646, 'SAMACA', 15);
INSERT INTO `ciudad` VALUES (15660, 'SAN EDUARDO', 15);
INSERT INTO `ciudad` VALUES (15664, 'SAN JOSE DE PARE', 15);
INSERT INTO `ciudad` VALUES (15667, 'SAN LUIS DE GACENO', 15);
INSERT INTO `ciudad` VALUES (15673, 'SAN MATEO', 15);
INSERT INTO `ciudad` VALUES (15676, 'SAN MIGUEL DE SEMA', 15);
INSERT INTO `ciudad` VALUES (15681, 'SAN PABLO DE BORBUR', 15);
INSERT INTO `ciudad` VALUES (15686, 'SANTANA', 15);
INSERT INTO `ciudad` VALUES (15690, 'SANTA MARIA', 15);
INSERT INTO `ciudad` VALUES (15693, 'SANTA ROSA DE VITERB', 15);
INSERT INTO `ciudad` VALUES (15696, 'SANTA SOFIA', 15);
INSERT INTO `ciudad` VALUES (15720, 'SATIVANORTE', 15);
INSERT INTO `ciudad` VALUES (15723, 'SATIVASUR', 15);
INSERT INTO `ciudad` VALUES (15740, 'SIACHOQUE', 15);
INSERT INTO `ciudad` VALUES (15753, 'SOATA', 15);
INSERT INTO `ciudad` VALUES (15755, 'SOCOTA', 15);
INSERT INTO `ciudad` VALUES (15757, 'SOCHA', 15);
INSERT INTO `ciudad` VALUES (15759, 'SOGAMOSO', 15);
INSERT INTO `ciudad` VALUES (15761, 'SOMONDOCO', 15);
INSERT INTO `ciudad` VALUES (15762, 'SORA', 15);
INSERT INTO `ciudad` VALUES (15763, 'SOTAQUIRA', 15);
INSERT INTO `ciudad` VALUES (15764, 'SORACA', 15);
INSERT INTO `ciudad` VALUES (15774, 'SUSACON', 15);
INSERT INTO `ciudad` VALUES (15776, 'SUTAMARCHAN', 15);
INSERT INTO `ciudad` VALUES (15778, 'SUTATENZA', 15);
INSERT INTO `ciudad` VALUES (15790, 'TASCO', 15);
INSERT INTO `ciudad` VALUES (15798, 'TENZA', 15);
INSERT INTO `ciudad` VALUES (15804, 'TIBANA', 15);
INSERT INTO `ciudad` VALUES (15806, 'TIBASOSA', 15);
INSERT INTO `ciudad` VALUES (15808, 'TINJACA', 15);
INSERT INTO `ciudad` VALUES (15810, 'TIPACOQUE', 15);
INSERT INTO `ciudad` VALUES (15814, 'TOCA', 15);
INSERT INTO `ciudad` VALUES (15816, 'TOGsI', 15);
INSERT INTO `ciudad` VALUES (15820, 'TOPAGA', 15);
INSERT INTO `ciudad` VALUES (15822, 'TOTA', 15);
INSERT INTO `ciudad` VALUES (15832, 'TUNUNGUA', 15);
INSERT INTO `ciudad` VALUES (15835, 'TURMEQUE', 15);
INSERT INTO `ciudad` VALUES (15837, 'TUTA', 15);
INSERT INTO `ciudad` VALUES (15839, 'TUTAZA', 15);
INSERT INTO `ciudad` VALUES (15842, 'UMBITA', 15);
INSERT INTO `ciudad` VALUES (15861, 'VENTAQUEMADA', 15);
INSERT INTO `ciudad` VALUES (15879, 'VIRACACHA', 15);
INSERT INTO `ciudad` VALUES (15897, 'ZETAQUIRA', 15);
INSERT INTO `ciudad` VALUES (17001, 'MANIZALES', 17);
INSERT INTO `ciudad` VALUES (17013, 'AGUADAS', 17);
INSERT INTO `ciudad` VALUES (17042, 'ANSERMA', 17);
INSERT INTO `ciudad` VALUES (17050, 'ARANZAZU', 17);
INSERT INTO `ciudad` VALUES (17088, 'BELALCAZAR', 17);
INSERT INTO `ciudad` VALUES (17174, 'CHINCHINA', 17);
INSERT INTO `ciudad` VALUES (17272, 'FILADELFIA', 17);
INSERT INTO `ciudad` VALUES (17380, 'LA DORADA', 17);
INSERT INTO `ciudad` VALUES (17388, 'LA MERCED', 17);
INSERT INTO `ciudad` VALUES (17433, 'MANZANARES', 17);
INSERT INTO `ciudad` VALUES (17442, 'MARMATO', 17);
INSERT INTO `ciudad` VALUES (17444, 'MARQUETALIA', 17);
INSERT INTO `ciudad` VALUES (17446, 'MARULANDA', 17);
INSERT INTO `ciudad` VALUES (17486, 'NEIRA', 17);
INSERT INTO `ciudad` VALUES (17495, 'NORCASIA', 17);
INSERT INTO `ciudad` VALUES (17513, 'PACORA', 17);
INSERT INTO `ciudad` VALUES (17524, 'PALESTINA', 17);
INSERT INTO `ciudad` VALUES (17541, 'PENSILVANIA', 17);
INSERT INTO `ciudad` VALUES (17614, 'RIOSUCIO', 17);
INSERT INTO `ciudad` VALUES (17616, 'RISARALDA', 17);
INSERT INTO `ciudad` VALUES (17653, 'SALAMINA', 17);
INSERT INTO `ciudad` VALUES (17662, 'SAMANA', 17);
INSERT INTO `ciudad` VALUES (17665, 'SAN JOSE', 17);
INSERT INTO `ciudad` VALUES (17777, 'SUPIA', 17);
INSERT INTO `ciudad` VALUES (17867, 'VICTORIA', 17);
INSERT INTO `ciudad` VALUES (17873, 'VILLAMARIA', 17);
INSERT INTO `ciudad` VALUES (17877, 'VITERBO', 17);
INSERT INTO `ciudad` VALUES (18001, 'FLORENCIA', 18);
INSERT INTO `ciudad` VALUES (18029, 'ALBANIA', 18);
INSERT INTO `ciudad` VALUES (18094, 'BELEN DE LOS ANDAQUI', 18);
INSERT INTO `ciudad` VALUES (18150, 'CARTAGENA DEL CHAIRA', 18);
INSERT INTO `ciudad` VALUES (18205, 'CURILLO', 18);
INSERT INTO `ciudad` VALUES (18247, 'EL DONCELLO', 18);
INSERT INTO `ciudad` VALUES (18256, 'EL PAUJIL', 18);
INSERT INTO `ciudad` VALUES (18410, 'LA MONTAÑITA', 18);
INSERT INTO `ciudad` VALUES (18460, 'MILAN', 18);
INSERT INTO `ciudad` VALUES (18479, 'MORELIA', 18);
INSERT INTO `ciudad` VALUES (18592, 'PUERTO RICO', 18);
INSERT INTO `ciudad` VALUES (18610, 'SAN JOSE DEL FRAGUA', 18);
INSERT INTO `ciudad` VALUES (18753, 'SAN VICENTE DEL CAGU', 18);
INSERT INTO `ciudad` VALUES (18756, 'SOLANO', 18);
INSERT INTO `ciudad` VALUES (18785, 'SOLITA', 18);
INSERT INTO `ciudad` VALUES (18860, 'VALPARAISO', 18);
INSERT INTO `ciudad` VALUES (19001, 'POPAYAN', 19);
INSERT INTO `ciudad` VALUES (19022, 'ALMAGUER', 19);
INSERT INTO `ciudad` VALUES (19050, 'ARGELIA', 19);
INSERT INTO `ciudad` VALUES (19075, 'BALBOA', 19);
INSERT INTO `ciudad` VALUES (19100, 'BOLIVAR', 19);
INSERT INTO `ciudad` VALUES (19110, 'BUENOS AIRES', 19);
INSERT INTO `ciudad` VALUES (19130, 'CAJIBIO', 19);
INSERT INTO `ciudad` VALUES (19137, 'CALDONO', 19);
INSERT INTO `ciudad` VALUES (19142, 'CALOTO', 19);
INSERT INTO `ciudad` VALUES (19212, 'CORINTO', 19);
INSERT INTO `ciudad` VALUES (19256, 'EL TAMBO', 19);
INSERT INTO `ciudad` VALUES (19290, 'FLORENCIA', 19);
INSERT INTO `ciudad` VALUES (19300, 'GUACHENE', 19);
INSERT INTO `ciudad` VALUES (19318, 'GUAPI', 19);
INSERT INTO `ciudad` VALUES (19355, 'INZA', 19);
INSERT INTO `ciudad` VALUES (19364, 'JAMBALO', 19);
INSERT INTO `ciudad` VALUES (19392, 'LA SIERRA', 19);
INSERT INTO `ciudad` VALUES (19397, 'LA VEGA', 19);
INSERT INTO `ciudad` VALUES (19418, 'LOPEZ', 19);
INSERT INTO `ciudad` VALUES (19450, 'MERCADERES', 19);
INSERT INTO `ciudad` VALUES (19455, 'MIRANDA', 19);
INSERT INTO `ciudad` VALUES (19473, 'MORALES', 19);
INSERT INTO `ciudad` VALUES (19513, 'PADILLA', 19);
INSERT INTO `ciudad` VALUES (19517, 'PAEZ', 19);
INSERT INTO `ciudad` VALUES (19532, 'PATIA', 19);
INSERT INTO `ciudad` VALUES (19533, 'PIAMONTE', 19);
INSERT INTO `ciudad` VALUES (19548, 'PIENDAMO', 19);
INSERT INTO `ciudad` VALUES (19573, 'PUERTO TEJADA', 19);
INSERT INTO `ciudad` VALUES (19585, 'PURACE', 19);
INSERT INTO `ciudad` VALUES (19622, 'ROSAS', 19);
INSERT INTO `ciudad` VALUES (19693, 'SAN SEBASTIAN', 19);
INSERT INTO `ciudad` VALUES (19698, 'SANTANDER DE QUILICH', 19);
INSERT INTO `ciudad` VALUES (19701, 'SANTA ROSA', 19);
INSERT INTO `ciudad` VALUES (19743, 'SILVIA', 19);
INSERT INTO `ciudad` VALUES (19760, 'SOTARA', 19);
INSERT INTO `ciudad` VALUES (19780, 'SUAREZ', 19);
INSERT INTO `ciudad` VALUES (19785, 'SUCRE', 19);
INSERT INTO `ciudad` VALUES (19807, 'TIMBIO', 19);
INSERT INTO `ciudad` VALUES (19809, 'TIMBIQUI', 19);
INSERT INTO `ciudad` VALUES (19821, 'TORIBIO', 19);
INSERT INTO `ciudad` VALUES (19824, 'TOTORO', 19);
INSERT INTO `ciudad` VALUES (19845, 'VILLA RICA', 19);
INSERT INTO `ciudad` VALUES (20001, 'VALLEDUPAR', 20);
INSERT INTO `ciudad` VALUES (20011, 'AGUACHICA', 20);
INSERT INTO `ciudad` VALUES (20013, 'AGUSTIN CODAZZI', 20);
INSERT INTO `ciudad` VALUES (20032, 'ASTREA', 20);
INSERT INTO `ciudad` VALUES (20045, 'BECERRIL', 20);
INSERT INTO `ciudad` VALUES (20060, 'BOSCONIA', 20);
INSERT INTO `ciudad` VALUES (20175, 'CHIMICHAGUA', 20);
INSERT INTO `ciudad` VALUES (20178, 'CHIRIGUANA', 20);
INSERT INTO `ciudad` VALUES (20228, 'CURUMANI', 20);
INSERT INTO `ciudad` VALUES (20238, 'EL COPEY', 20);
INSERT INTO `ciudad` VALUES (20250, 'EL PASO', 20);
INSERT INTO `ciudad` VALUES (20295, 'GAMARRA', 20);
INSERT INTO `ciudad` VALUES (20310, 'GONZALEZ', 20);
INSERT INTO `ciudad` VALUES (20383, 'LA GLORIA', 20);
INSERT INTO `ciudad` VALUES (20400, 'LA JAGUA DE IBIRICO', 20);
INSERT INTO `ciudad` VALUES (20443, 'MANAURE', 20);
INSERT INTO `ciudad` VALUES (20517, 'PAILITAS', 20);
INSERT INTO `ciudad` VALUES (20550, 'PELAYA', 20);
INSERT INTO `ciudad` VALUES (20570, 'PUEBLO BELLO', 20);
INSERT INTO `ciudad` VALUES (20614, 'RIO DE ORO', 20);
INSERT INTO `ciudad` VALUES (20621, 'LA PAZ', 20);
INSERT INTO `ciudad` VALUES (20710, 'SAN ALBERTO', 20);
INSERT INTO `ciudad` VALUES (20750, 'SAN DIEGO', 20);
INSERT INTO `ciudad` VALUES (20770, 'SAN MARTIN', 20);
INSERT INTO `ciudad` VALUES (20787, 'TAMALAMEQUE', 20);
INSERT INTO `ciudad` VALUES (23001, 'MONTERIA', 23);
INSERT INTO `ciudad` VALUES (23068, 'AYAPEL', 23);
INSERT INTO `ciudad` VALUES (23079, 'BUENAVISTA', 23);
INSERT INTO `ciudad` VALUES (23090, 'CANALETE', 23);
INSERT INTO `ciudad` VALUES (23162, 'CERETE', 23);
INSERT INTO `ciudad` VALUES (23168, 'CHIMA', 23);
INSERT INTO `ciudad` VALUES (23182, 'CHINU', 23);
INSERT INTO `ciudad` VALUES (23189, 'CIENAGA DE ORO', 23);
INSERT INTO `ciudad` VALUES (23300, 'COTORRA', 23);
INSERT INTO `ciudad` VALUES (23350, 'LA APARTADA', 23);
INSERT INTO `ciudad` VALUES (23417, 'LORICA', 23);
INSERT INTO `ciudad` VALUES (23419, 'LOS CORDOBAS', 23);
INSERT INTO `ciudad` VALUES (23464, 'MOMIL', 23);
INSERT INTO `ciudad` VALUES (23466, 'MONTELIBANO', 23);
INSERT INTO `ciudad` VALUES (23500, 'MOÑITOS', 23);
INSERT INTO `ciudad` VALUES (23555, 'PLANETA RICA', 23);
INSERT INTO `ciudad` VALUES (23570, 'PUEBLO NUEVO', 23);
INSERT INTO `ciudad` VALUES (23574, 'PUERTO ESCONDIDO', 23);
INSERT INTO `ciudad` VALUES (23580, 'PUERTO LIBERTADOR', 23);
INSERT INTO `ciudad` VALUES (23586, 'PURISIMA', 23);
INSERT INTO `ciudad` VALUES (23660, 'SAHAGUN', 23);
INSERT INTO `ciudad` VALUES (23670, 'SAN ANDRES SOTAVENTO', 23);
INSERT INTO `ciudad` VALUES (23672, 'SAN ANTERO', 23);
INSERT INTO `ciudad` VALUES (23675, 'SAN BERNARDO DEL VIE', 23);
INSERT INTO `ciudad` VALUES (23678, 'SAN CARLOS', 23);
INSERT INTO `ciudad` VALUES (23686, 'SAN PELAYO', 23);
INSERT INTO `ciudad` VALUES (23807, 'TIERRALTA', 23);
INSERT INTO `ciudad` VALUES (23855, 'VALENCIA', 23);
INSERT INTO `ciudad` VALUES (25001, 'AGUA DE DIOS', 25);
INSERT INTO `ciudad` VALUES (25019, 'ALBAN', 25);
INSERT INTO `ciudad` VALUES (25035, 'ANAPOIMA', 25);
INSERT INTO `ciudad` VALUES (25040, 'ANOLAIMA', 25);
INSERT INTO `ciudad` VALUES (25053, 'ARBELAEZ', 25);
INSERT INTO `ciudad` VALUES (25086, 'BELTRAN', 25);
INSERT INTO `ciudad` VALUES (25095, 'BITUIMA', 25);
INSERT INTO `ciudad` VALUES (25099, 'BOJACA', 25);
INSERT INTO `ciudad` VALUES (25120, 'CABRERA', 25);
INSERT INTO `ciudad` VALUES (25123, 'CACHIPAY', 25);
INSERT INTO `ciudad` VALUES (25126, 'CAJICA', 25);
INSERT INTO `ciudad` VALUES (25148, 'CAPARRAPI', 25);
INSERT INTO `ciudad` VALUES (25151, 'CAQUEZA', 25);
INSERT INTO `ciudad` VALUES (25154, 'CARMEN DE CARUPA', 25);
INSERT INTO `ciudad` VALUES (25168, 'CHAGUANI', 25);
INSERT INTO `ciudad` VALUES (25175, 'CHIA', 25);
INSERT INTO `ciudad` VALUES (25178, 'CHIPAQUE', 25);
INSERT INTO `ciudad` VALUES (25181, 'CHOACHI', 25);
INSERT INTO `ciudad` VALUES (25183, 'CHOCONTA', 25);
INSERT INTO `ciudad` VALUES (25200, 'COGUA', 25);
INSERT INTO `ciudad` VALUES (25214, 'COTA', 25);
INSERT INTO `ciudad` VALUES (25224, 'CUCUNUBA', 25);
INSERT INTO `ciudad` VALUES (25245, 'EL COLEGIO', 25);
INSERT INTO `ciudad` VALUES (25258, 'EL PEÑON', 25);
INSERT INTO `ciudad` VALUES (25260, 'EL ROSAL', 25);
INSERT INTO `ciudad` VALUES (25269, 'FACATATIVA', 25);
INSERT INTO `ciudad` VALUES (25279, 'FOMEQUE', 25);
INSERT INTO `ciudad` VALUES (25281, 'FOSCA', 25);
INSERT INTO `ciudad` VALUES (25286, 'FUNZA', 25);
INSERT INTO `ciudad` VALUES (25288, 'FUQUENE', 25);
INSERT INTO `ciudad` VALUES (25290, 'FUSAGASUGA', 25);
INSERT INTO `ciudad` VALUES (25293, 'GACHALA', 25);
INSERT INTO `ciudad` VALUES (25295, 'GACHANCIPA', 25);
INSERT INTO `ciudad` VALUES (25297, 'GACHETA', 25);
INSERT INTO `ciudad` VALUES (25299, 'GAMA', 25);
INSERT INTO `ciudad` VALUES (25307, 'GIRARDOT', 25);
INSERT INTO `ciudad` VALUES (25312, 'GRANADA', 25);
INSERT INTO `ciudad` VALUES (25317, 'GUACHETA', 25);
INSERT INTO `ciudad` VALUES (25320, 'GUADUAS', 25);
INSERT INTO `ciudad` VALUES (25322, 'GUASCA', 25);
INSERT INTO `ciudad` VALUES (25324, 'GUATAQUI', 25);
INSERT INTO `ciudad` VALUES (25326, 'GUATAVITA', 25);
INSERT INTO `ciudad` VALUES (25328, 'GUAYABAL DE SIQUIMA', 25);
INSERT INTO `ciudad` VALUES (25335, 'GUAYABETAL', 25);
INSERT INTO `ciudad` VALUES (25339, 'GUTIERREZ', 25);
INSERT INTO `ciudad` VALUES (25368, 'JERUSALEN', 25);
INSERT INTO `ciudad` VALUES (25372, 'JUNIN', 25);
INSERT INTO `ciudad` VALUES (25377, 'LA CALERA', 25);
INSERT INTO `ciudad` VALUES (25386, 'LA MESA', 25);
INSERT INTO `ciudad` VALUES (25394, 'LA PALMA', 25);
INSERT INTO `ciudad` VALUES (25398, 'LA PEÑA', 25);
INSERT INTO `ciudad` VALUES (25402, 'LA VEGA', 25);
INSERT INTO `ciudad` VALUES (25407, 'LENGUAZAQUE', 25);
INSERT INTO `ciudad` VALUES (25426, 'MACHETA', 25);
INSERT INTO `ciudad` VALUES (25430, 'MADRID', 25);
INSERT INTO `ciudad` VALUES (25436, 'MANTA', 25);
INSERT INTO `ciudad` VALUES (25438, 'MEDINA', 25);
INSERT INTO `ciudad` VALUES (25473, 'MOSQUERA', 25);
INSERT INTO `ciudad` VALUES (25483, 'NARIÑO', 25);
INSERT INTO `ciudad` VALUES (25486, 'NEMOCON', 25);
INSERT INTO `ciudad` VALUES (25488, 'NILO', 25);
INSERT INTO `ciudad` VALUES (25489, 'NIMAIMA', 25);
INSERT INTO `ciudad` VALUES (25491, 'NOCAIMA', 25);
INSERT INTO `ciudad` VALUES (25506, 'VENECIA', 25);
INSERT INTO `ciudad` VALUES (25513, 'PACHO', 25);
INSERT INTO `ciudad` VALUES (25518, 'PAIME', 25);
INSERT INTO `ciudad` VALUES (25524, 'PANDI', 25);
INSERT INTO `ciudad` VALUES (25530, 'PARATEBUENO', 25);
INSERT INTO `ciudad` VALUES (25535, 'PASCA', 25);
INSERT INTO `ciudad` VALUES (25572, 'PUERTO SALGAR', 25);
INSERT INTO `ciudad` VALUES (25580, 'PULI', 25);
INSERT INTO `ciudad` VALUES (25592, 'QUEBRADANEGRA', 25);
INSERT INTO `ciudad` VALUES (25594, 'QUETAME', 25);
INSERT INTO `ciudad` VALUES (25596, 'QUIPILE', 25);
INSERT INTO `ciudad` VALUES (25599, 'APULO', 25);
INSERT INTO `ciudad` VALUES (25612, 'RICAURTE', 25);
INSERT INTO `ciudad` VALUES (25645, 'SAN ANTONIO DEL TEQU', 25);
INSERT INTO `ciudad` VALUES (25649, 'SAN BERNARDO', 25);
INSERT INTO `ciudad` VALUES (25653, 'SAN CAYETANO', 25);
INSERT INTO `ciudad` VALUES (25658, 'SAN FRANCISCO', 25);
INSERT INTO `ciudad` VALUES (25662, 'SAN JUAN DE RIO SECO', 25);
INSERT INTO `ciudad` VALUES (25718, 'SASAIMA', 25);
INSERT INTO `ciudad` VALUES (25736, 'SESQUILE', 25);
INSERT INTO `ciudad` VALUES (25740, 'SIBATE', 25);
INSERT INTO `ciudad` VALUES (25743, 'SILVANIA', 25);
INSERT INTO `ciudad` VALUES (25745, 'SIMIJACA', 25);
INSERT INTO `ciudad` VALUES (25754, 'SOACHA', 25);
INSERT INTO `ciudad` VALUES (25758, 'SOPO', 25);
INSERT INTO `ciudad` VALUES (25769, 'SUBACHOQUE', 25);
INSERT INTO `ciudad` VALUES (25772, 'SUESCA', 25);
INSERT INTO `ciudad` VALUES (25777, 'SUPATA', 25);
INSERT INTO `ciudad` VALUES (25779, 'SUSA', 25);
INSERT INTO `ciudad` VALUES (25781, 'SUTATAUSA', 25);
INSERT INTO `ciudad` VALUES (25785, 'TABIO', 25);
INSERT INTO `ciudad` VALUES (25793, 'TAUSA', 25);
INSERT INTO `ciudad` VALUES (25797, 'TENA', 25);
INSERT INTO `ciudad` VALUES (25799, 'TENJO', 25);
INSERT INTO `ciudad` VALUES (25805, 'TIBACUY', 25);
INSERT INTO `ciudad` VALUES (25807, 'TIBIRITA', 25);
INSERT INTO `ciudad` VALUES (25815, 'TOCAIMA', 25);
INSERT INTO `ciudad` VALUES (25817, 'TOCANCIPA', 25);
INSERT INTO `ciudad` VALUES (25823, 'TOPAIPI', 25);
INSERT INTO `ciudad` VALUES (25839, 'UBALA', 25);
INSERT INTO `ciudad` VALUES (25841, 'UBAQUE', 25);
INSERT INTO `ciudad` VALUES (25843, 'VILLA DE SAN DIEGO D', 25);
INSERT INTO `ciudad` VALUES (25845, 'UNE', 25);
INSERT INTO `ciudad` VALUES (25851, 'UTICA', 25);
INSERT INTO `ciudad` VALUES (25862, 'VERGARA', 25);
INSERT INTO `ciudad` VALUES (25867, 'VIANI', 25);
INSERT INTO `ciudad` VALUES (25871, 'VILLAGOMEZ', 25);
INSERT INTO `ciudad` VALUES (25873, 'VILLAPINZON', 25);
INSERT INTO `ciudad` VALUES (25875, 'VILLETA', 25);
INSERT INTO `ciudad` VALUES (25878, 'VIOTA', 25);
INSERT INTO `ciudad` VALUES (25885, 'YACOPI', 25);
INSERT INTO `ciudad` VALUES (25898, 'ZIPACON', 25);
INSERT INTO `ciudad` VALUES (25899, 'ZIPAQUIRA', 25);
INSERT INTO `ciudad` VALUES (27001, 'QUIBDO', 27);
INSERT INTO `ciudad` VALUES (27006, 'ACANDI', 27);
INSERT INTO `ciudad` VALUES (27025, 'ALTO BAUDO', 27);
INSERT INTO `ciudad` VALUES (27050, 'ATRATO', 27);
INSERT INTO `ciudad` VALUES (27073, 'BAGADO', 27);
INSERT INTO `ciudad` VALUES (27075, 'BAHIA SOLANO', 27);
INSERT INTO `ciudad` VALUES (27077, 'BAJO BAUDO', 27);
INSERT INTO `ciudad` VALUES (27099, 'BOJAYA', 27);
INSERT INTO `ciudad` VALUES (27135, 'EL CANTON DEL SAN PA', 27);
INSERT INTO `ciudad` VALUES (27150, 'CARMEN DEL DARIEN', 27);
INSERT INTO `ciudad` VALUES (27160, 'CERTEGUI', 27);
INSERT INTO `ciudad` VALUES (27205, 'CONDOTO', 27);
INSERT INTO `ciudad` VALUES (27245, 'EL CARMEN DE ATRATO', 27);
INSERT INTO `ciudad` VALUES (27250, 'EL LITORAL DEL SAN J', 27);
INSERT INTO `ciudad` VALUES (27361, 'ISTMINA', 27);
INSERT INTO `ciudad` VALUES (27372, 'JURADO', 27);
INSERT INTO `ciudad` VALUES (27413, 'LLORO', 27);
INSERT INTO `ciudad` VALUES (27425, 'MEDIO ATRATO', 27);
INSERT INTO `ciudad` VALUES (27430, 'MEDIO BAUDO', 27);
INSERT INTO `ciudad` VALUES (27450, 'MEDIO SAN JUAN', 27);
INSERT INTO `ciudad` VALUES (27491, 'NOVITA', 27);
INSERT INTO `ciudad` VALUES (27495, 'NUQUI', 27);
INSERT INTO `ciudad` VALUES (27580, 'RIO IRO', 27);
INSERT INTO `ciudad` VALUES (27600, 'RIO QUITO', 27);
INSERT INTO `ciudad` VALUES (27615, 'RIOSUCIO', 27);
INSERT INTO `ciudad` VALUES (27660, 'SAN JOSE DEL PALMAR', 27);
INSERT INTO `ciudad` VALUES (27745, 'SIPI', 27);
INSERT INTO `ciudad` VALUES (27787, 'TADO', 27);
INSERT INTO `ciudad` VALUES (27800, 'UNGUIA', 27);
INSERT INTO `ciudad` VALUES (27810, 'UNION PANAMERICANA', 27);
INSERT INTO `ciudad` VALUES (41001, 'NEIVA', 41);
INSERT INTO `ciudad` VALUES (41006, 'ACEVEDO', 41);
INSERT INTO `ciudad` VALUES (41013, 'AGRADO', 41);
INSERT INTO `ciudad` VALUES (41016, 'AIPE', 41);
INSERT INTO `ciudad` VALUES (41020, 'ALGECIRAS', 41);
INSERT INTO `ciudad` VALUES (41026, 'ALTAMIRA', 41);
INSERT INTO `ciudad` VALUES (41078, 'BARAYA', 41);
INSERT INTO `ciudad` VALUES (41132, 'CAMPOALEGRE', 41);
INSERT INTO `ciudad` VALUES (41206, 'COLOMBIA', 41);
INSERT INTO `ciudad` VALUES (41244, 'ELIAS', 41);
INSERT INTO `ciudad` VALUES (41298, 'GARZON', 41);
INSERT INTO `ciudad` VALUES (41306, 'GIGANTE', 41);
INSERT INTO `ciudad` VALUES (41319, 'GUADALUPE', 41);
INSERT INTO `ciudad` VALUES (41349, 'HOBO', 41);
INSERT INTO `ciudad` VALUES (41357, 'IQUIRA', 41);
INSERT INTO `ciudad` VALUES (41359, 'ISNOS', 41);
INSERT INTO `ciudad` VALUES (41378, 'LA ARGENTINA', 41);
INSERT INTO `ciudad` VALUES (41396, 'LA PLATA', 41);
INSERT INTO `ciudad` VALUES (41483, 'NATAGA', 41);
INSERT INTO `ciudad` VALUES (41503, 'OPORAPA', 41);
INSERT INTO `ciudad` VALUES (41518, 'PAICOL', 41);
INSERT INTO `ciudad` VALUES (41524, 'PALERMO', 41);
INSERT INTO `ciudad` VALUES (41530, 'PALESTINA', 41);
INSERT INTO `ciudad` VALUES (41548, 'PITAL', 41);
INSERT INTO `ciudad` VALUES (41551, 'PITALITO', 41);
INSERT INTO `ciudad` VALUES (41615, 'RIVERA', 41);
INSERT INTO `ciudad` VALUES (41660, 'SALADOBLANCO', 41);
INSERT INTO `ciudad` VALUES (41668, 'SAN AGUSTIN', 41);
INSERT INTO `ciudad` VALUES (41676, 'SANTA MARIA', 41);
INSERT INTO `ciudad` VALUES (41770, 'SUAZA', 41);
INSERT INTO `ciudad` VALUES (41791, 'TARQUI', 41);
INSERT INTO `ciudad` VALUES (41797, 'TESALIA', 41);
INSERT INTO `ciudad` VALUES (41799, 'TELLO', 41);
INSERT INTO `ciudad` VALUES (41801, 'TERUEL', 41);
INSERT INTO `ciudad` VALUES (41807, 'TIMANA', 41);
INSERT INTO `ciudad` VALUES (41872, 'VILLAVIEJA', 41);
INSERT INTO `ciudad` VALUES (41885, 'YAGUARA', 41);
INSERT INTO `ciudad` VALUES (44001, 'RIOHACHA', 44);
INSERT INTO `ciudad` VALUES (44035, 'ALBANIA', 44);
INSERT INTO `ciudad` VALUES (44078, 'BARRANCAS', 44);
INSERT INTO `ciudad` VALUES (44090, 'DIBULLA', 44);
INSERT INTO `ciudad` VALUES (44098, 'DISTRACCION', 44);
INSERT INTO `ciudad` VALUES (44110, 'EL MOLINO', 44);
INSERT INTO `ciudad` VALUES (44279, 'FONSECA', 44);
INSERT INTO `ciudad` VALUES (44378, 'HATONUEVO', 44);
INSERT INTO `ciudad` VALUES (44420, 'LA JAGUA DEL PILAR', 44);
INSERT INTO `ciudad` VALUES (44430, 'MAICAO', 44);
INSERT INTO `ciudad` VALUES (44560, 'MANAURE', 44);
INSERT INTO `ciudad` VALUES (44650, 'SAN JUAN DEL CESAR', 44);
INSERT INTO `ciudad` VALUES (44847, 'URIBIA', 44);
INSERT INTO `ciudad` VALUES (44855, 'URUMITA', 44);
INSERT INTO `ciudad` VALUES (44874, 'VILLANUEVA', 44);
INSERT INTO `ciudad` VALUES (47001, 'SANTA MARTA', 47);
INSERT INTO `ciudad` VALUES (47030, 'ALGARROBO', 47);
INSERT INTO `ciudad` VALUES (47053, 'ARACATACA', 47);
INSERT INTO `ciudad` VALUES (47058, 'ARIGUANI', 47);
INSERT INTO `ciudad` VALUES (47161, 'CERRO SAN ANTONIO', 47);
INSERT INTO `ciudad` VALUES (47170, 'CHIBOLO', 47);
INSERT INTO `ciudad` VALUES (47189, 'CIENAGA', 47);
INSERT INTO `ciudad` VALUES (47205, 'CONCORDIA', 47);
INSERT INTO `ciudad` VALUES (47245, 'EL BANCO', 47);
INSERT INTO `ciudad` VALUES (47258, 'EL PIÑON', 47);
INSERT INTO `ciudad` VALUES (47268, 'EL RETEN', 47);
INSERT INTO `ciudad` VALUES (47288, 'FUNDACION', 47);
INSERT INTO `ciudad` VALUES (47318, 'GUAMAL', 47);
INSERT INTO `ciudad` VALUES (47460, 'NUEVA GRANADA', 47);
INSERT INTO `ciudad` VALUES (47541, 'PEDRAZA', 47);
INSERT INTO `ciudad` VALUES (47545, 'PIJIÑO DEL CARMEN', 47);
INSERT INTO `ciudad` VALUES (47551, 'PIVIJAY', 47);
INSERT INTO `ciudad` VALUES (47555, 'PLATO', 47);
INSERT INTO `ciudad` VALUES (47570, 'PUEBLOVIEJO', 47);
INSERT INTO `ciudad` VALUES (47605, 'REMOLINO', 47);
INSERT INTO `ciudad` VALUES (47660, 'SABANAS DE SAN ANGEL', 47);
INSERT INTO `ciudad` VALUES (47675, 'SALAMINA', 47);
INSERT INTO `ciudad` VALUES (47692, 'SAN SEBASTIAN DE BUE', 47);
INSERT INTO `ciudad` VALUES (47703, 'SAN ZENON', 47);
INSERT INTO `ciudad` VALUES (47707, 'SANTA ANA', 47);
INSERT INTO `ciudad` VALUES (47720, 'SANTA BARBARA DE PIN', 47);
INSERT INTO `ciudad` VALUES (47745, 'SITIONUEVO', 47);
INSERT INTO `ciudad` VALUES (47798, 'TENERIFE', 47);
INSERT INTO `ciudad` VALUES (47960, 'ZAPAYAN', 47);
INSERT INTO `ciudad` VALUES (47980, 'ZONA BANANERA', 47);
INSERT INTO `ciudad` VALUES (50001, 'VILLAVICENCIO', 50);
INSERT INTO `ciudad` VALUES (50006, 'ACACIAS', 50);
INSERT INTO `ciudad` VALUES (50110, 'BARRANCA DE UPIA', 50);
INSERT INTO `ciudad` VALUES (50124, 'CABUYARO', 50);
INSERT INTO `ciudad` VALUES (50150, 'CASTILLA LA NUEVA', 50);
INSERT INTO `ciudad` VALUES (50223, 'CUBARRAL', 50);
INSERT INTO `ciudad` VALUES (50226, 'CUMARAL', 50);
INSERT INTO `ciudad` VALUES (50245, 'EL CALVARIO', 50);
INSERT INTO `ciudad` VALUES (50251, 'EL CASTILLO', 50);
INSERT INTO `ciudad` VALUES (50270, 'EL DORADO', 50);
INSERT INTO `ciudad` VALUES (50287, 'FUENTE DE ORO', 50);
INSERT INTO `ciudad` VALUES (50313, 'GRANADA', 50);
INSERT INTO `ciudad` VALUES (50318, 'GUAMAL', 50);
INSERT INTO `ciudad` VALUES (50325, 'MAPIRIPAN', 50);
INSERT INTO `ciudad` VALUES (50330, 'MESETAS', 50);
INSERT INTO `ciudad` VALUES (50350, 'LA MACARENA', 50);
INSERT INTO `ciudad` VALUES (50370, 'URIBE', 50);
INSERT INTO `ciudad` VALUES (50400, 'LEJANIAS', 50);
INSERT INTO `ciudad` VALUES (50450, 'PUERTO CONCORDIA', 50);
INSERT INTO `ciudad` VALUES (50568, 'PUERTO GAITAN', 50);
INSERT INTO `ciudad` VALUES (50573, 'PUERTO LOPEZ', 50);
INSERT INTO `ciudad` VALUES (50577, 'PUERTO LLERAS', 50);
INSERT INTO `ciudad` VALUES (50590, 'PUERTO RICO', 50);
INSERT INTO `ciudad` VALUES (50606, 'RESTREPO', 50);
INSERT INTO `ciudad` VALUES (50680, 'SAN CARLOS DE GUAROA', 50);
INSERT INTO `ciudad` VALUES (50683, 'SAN JUAN DE ARAMA', 50);
INSERT INTO `ciudad` VALUES (50686, 'SAN JUANITO', 50);
INSERT INTO `ciudad` VALUES (50689, 'SAN MARTIN', 50);
INSERT INTO `ciudad` VALUES (50711, 'VISTAHERMOSA', 50);
INSERT INTO `ciudad` VALUES (52001, 'PASTO', 52);
INSERT INTO `ciudad` VALUES (52019, 'ALBAN', 52);
INSERT INTO `ciudad` VALUES (52022, 'ALDANA', 52);
INSERT INTO `ciudad` VALUES (52036, 'ANCUYA', 52);
INSERT INTO `ciudad` VALUES (52051, 'ARBOLEDA', 52);
INSERT INTO `ciudad` VALUES (52079, 'BARBACOAS', 52);
INSERT INTO `ciudad` VALUES (52083, 'BELEN', 52);
INSERT INTO `ciudad` VALUES (52110, 'BUESACO', 52);
INSERT INTO `ciudad` VALUES (52203, 'COLON', 52);
INSERT INTO `ciudad` VALUES (52207, 'CONSACA', 52);
INSERT INTO `ciudad` VALUES (52210, 'CONTADERO', 52);
INSERT INTO `ciudad` VALUES (52215, 'CORDOBA', 52);
INSERT INTO `ciudad` VALUES (52224, 'CUASPUD', 52);
INSERT INTO `ciudad` VALUES (52227, 'CUMBAL', 52);
INSERT INTO `ciudad` VALUES (52233, 'CUMBITARA', 52);
INSERT INTO `ciudad` VALUES (52240, 'CHACHAGsI', 52);
INSERT INTO `ciudad` VALUES (52250, 'EL CHARCO', 52);
INSERT INTO `ciudad` VALUES (52254, 'EL PEÑOL', 52);
INSERT INTO `ciudad` VALUES (52256, 'EL ROSARIO', 52);
INSERT INTO `ciudad` VALUES (52258, 'EL TABLON DE GOMEZ', 52);
INSERT INTO `ciudad` VALUES (52260, 'EL TAMBO', 52);
INSERT INTO `ciudad` VALUES (52287, 'FUNES', 52);
INSERT INTO `ciudad` VALUES (52317, 'GUACHUCAL', 52);
INSERT INTO `ciudad` VALUES (52320, 'GUAITARILLA', 52);
INSERT INTO `ciudad` VALUES (52323, 'GUALMATAN', 52);
INSERT INTO `ciudad` VALUES (52352, 'ILES', 52);
INSERT INTO `ciudad` VALUES (52354, 'IMUES', 52);
INSERT INTO `ciudad` VALUES (52356, 'IPIALES', 52);
INSERT INTO `ciudad` VALUES (52378, 'LA CRUZ', 52);
INSERT INTO `ciudad` VALUES (52381, 'LA FLORIDA', 52);
INSERT INTO `ciudad` VALUES (52385, 'LA LLANADA', 52);
INSERT INTO `ciudad` VALUES (52390, 'LA TOLA', 52);
INSERT INTO `ciudad` VALUES (52399, 'LA UNION', 52);
INSERT INTO `ciudad` VALUES (52405, 'LEIVA', 52);
INSERT INTO `ciudad` VALUES (52411, 'LINARES', 52);
INSERT INTO `ciudad` VALUES (52418, 'LOS ANDES', 52);
INSERT INTO `ciudad` VALUES (52427, 'MAGsI', 52);
INSERT INTO `ciudad` VALUES (52435, 'MALLAMA', 52);
INSERT INTO `ciudad` VALUES (52473, 'MOSQUERA', 52);
INSERT INTO `ciudad` VALUES (52480, 'NARIÑO', 52);
INSERT INTO `ciudad` VALUES (52490, 'OLAYA HERRERA', 52);
INSERT INTO `ciudad` VALUES (52506, 'OSPINA', 52);
INSERT INTO `ciudad` VALUES (52520, 'FRANCISCO PIZARRO', 52);
INSERT INTO `ciudad` VALUES (52540, 'POLICARPA', 52);
INSERT INTO `ciudad` VALUES (52560, 'POTOSI', 52);
INSERT INTO `ciudad` VALUES (52565, 'PROVIDENCIA', 52);
INSERT INTO `ciudad` VALUES (52573, 'PUERRES', 52);
INSERT INTO `ciudad` VALUES (52585, 'PUPIALES', 52);
INSERT INTO `ciudad` VALUES (52612, 'RICAURTE', 52);
INSERT INTO `ciudad` VALUES (52621, 'ROBERTO PAYAN', 52);
INSERT INTO `ciudad` VALUES (52678, 'SAMANIEGO', 52);
INSERT INTO `ciudad` VALUES (52683, 'SANDONA', 52);
INSERT INTO `ciudad` VALUES (52685, 'SAN BERNARDO', 52);
INSERT INTO `ciudad` VALUES (52687, 'SAN LORENZO', 52);
INSERT INTO `ciudad` VALUES (52693, 'SAN PABLO', 52);
INSERT INTO `ciudad` VALUES (52694, 'SAN PEDRO DE CARTAGO', 52);
INSERT INTO `ciudad` VALUES (52696, 'SANTA BARBARA', 52);
INSERT INTO `ciudad` VALUES (52699, 'SANTACRUZ', 52);
INSERT INTO `ciudad` VALUES (52720, 'SAPUYES', 52);
INSERT INTO `ciudad` VALUES (52786, 'TAMINANGO', 52);
INSERT INTO `ciudad` VALUES (52788, 'TANGUA', 52);
INSERT INTO `ciudad` VALUES (52835, 'SAN ANDRES DE TUMACO', 52);
INSERT INTO `ciudad` VALUES (52838, 'TUQUERRES', 52);
INSERT INTO `ciudad` VALUES (52885, 'YACUANQUER', 52);
INSERT INTO `ciudad` VALUES (54001, 'CUCUTA', 54);
INSERT INTO `ciudad` VALUES (54003, 'ABREGO', 54);
INSERT INTO `ciudad` VALUES (54051, 'ARBOLEDAS', 54);
INSERT INTO `ciudad` VALUES (54099, 'BOCHALEMA', 54);
INSERT INTO `ciudad` VALUES (54109, 'BUCARASICA', 54);
INSERT INTO `ciudad` VALUES (54125, 'CACOTA', 54);
INSERT INTO `ciudad` VALUES (54128, 'CACHIRA', 54);
INSERT INTO `ciudad` VALUES (54172, 'CHINACOTA', 54);
INSERT INTO `ciudad` VALUES (54174, 'CHITAGA', 54);
INSERT INTO `ciudad` VALUES (54206, 'CONVENCION', 54);
INSERT INTO `ciudad` VALUES (54223, 'CUCUTILLA', 54);
INSERT INTO `ciudad` VALUES (54239, 'DURANIA', 54);
INSERT INTO `ciudad` VALUES (54245, 'EL CARMEN', 54);
INSERT INTO `ciudad` VALUES (54250, 'EL TARRA', 54);
INSERT INTO `ciudad` VALUES (54261, 'EL ZULIA', 54);
INSERT INTO `ciudad` VALUES (54313, 'GRAMALOTE', 54);
INSERT INTO `ciudad` VALUES (54344, 'HACARI', 54);
INSERT INTO `ciudad` VALUES (54347, 'HERRAN', 54);
INSERT INTO `ciudad` VALUES (54377, 'LABATECA', 54);
INSERT INTO `ciudad` VALUES (54385, 'LA ESPERANZA', 54);
INSERT INTO `ciudad` VALUES (54398, 'LA PLAYA', 54);
INSERT INTO `ciudad` VALUES (54405, 'LOS PATIOS', 54);
INSERT INTO `ciudad` VALUES (54418, 'LOURDES', 54);
INSERT INTO `ciudad` VALUES (54480, 'MUTISCUA', 54);
INSERT INTO `ciudad` VALUES (54498, 'OCAÑA', 54);
INSERT INTO `ciudad` VALUES (54518, 'PAMPLONA', 54);
INSERT INTO `ciudad` VALUES (54520, 'PAMPLONITA', 54);
INSERT INTO `ciudad` VALUES (54553, 'PUERTO SANTANDER', 54);
INSERT INTO `ciudad` VALUES (54599, 'RAGONVALIA', 54);
INSERT INTO `ciudad` VALUES (54660, 'SALAZAR', 54);
INSERT INTO `ciudad` VALUES (54670, 'SAN CALIXTO', 54);
INSERT INTO `ciudad` VALUES (54673, 'SAN CAYETANO', 54);
INSERT INTO `ciudad` VALUES (54680, 'SANTIAGO', 54);
INSERT INTO `ciudad` VALUES (54720, 'SARDINATA', 54);
INSERT INTO `ciudad` VALUES (54743, 'SILOS', 54);
INSERT INTO `ciudad` VALUES (54800, 'TEORAMA', 54);
INSERT INTO `ciudad` VALUES (54810, 'TIBU', 54);
INSERT INTO `ciudad` VALUES (54820, 'TOLEDO', 54);
INSERT INTO `ciudad` VALUES (54871, 'VILLA CARO', 54);
INSERT INTO `ciudad` VALUES (54874, 'VILLA DEL ROSARIO', 54);
INSERT INTO `ciudad` VALUES (63001, 'ARMENIA', 63);
INSERT INTO `ciudad` VALUES (63111, 'BUENAVISTA', 63);
INSERT INTO `ciudad` VALUES (63130, 'CALARCA', 63);
INSERT INTO `ciudad` VALUES (63190, 'CIRCASIA', 63);
INSERT INTO `ciudad` VALUES (63212, 'CORDOBA', 63);
INSERT INTO `ciudad` VALUES (63272, 'FILANDIA', 63);
INSERT INTO `ciudad` VALUES (63302, 'GENOVA', 63);
INSERT INTO `ciudad` VALUES (63401, 'LA TEBAIDA', 63);
INSERT INTO `ciudad` VALUES (63470, 'MONTENEGRO', 63);
INSERT INTO `ciudad` VALUES (63548, 'PIJAO', 63);
INSERT INTO `ciudad` VALUES (63594, 'QUIMBAYA', 63);
INSERT INTO `ciudad` VALUES (63690, 'SALENTO', 63);
INSERT INTO `ciudad` VALUES (66001, 'PEREIRA', 66);
INSERT INTO `ciudad` VALUES (66045, 'APIA', 66);
INSERT INTO `ciudad` VALUES (66075, 'BALBOA', 66);
INSERT INTO `ciudad` VALUES (66088, 'BELEN DE UMBRIA', 66);
INSERT INTO `ciudad` VALUES (66170, 'DOSQUEBRADAS', 66);
INSERT INTO `ciudad` VALUES (66318, 'GUATICA', 66);
INSERT INTO `ciudad` VALUES (66383, 'LA CELIA', 66);
INSERT INTO `ciudad` VALUES (66400, 'LA VIRGINIA', 66);
INSERT INTO `ciudad` VALUES (66440, 'MARSELLA', 66);
INSERT INTO `ciudad` VALUES (66456, 'MISTRATO', 66);
INSERT INTO `ciudad` VALUES (66572, 'PUEBLO RICO', 66);
INSERT INTO `ciudad` VALUES (66594, 'QUINCHIA', 66);
INSERT INTO `ciudad` VALUES (66682, 'SANTA ROSA DE CABAL', 66);
INSERT INTO `ciudad` VALUES (66687, 'SANTUARIO', 66);
INSERT INTO `ciudad` VALUES (68001, 'BUCARAMANGA', 68);
INSERT INTO `ciudad` VALUES (68013, 'AGUADA', 68);
INSERT INTO `ciudad` VALUES (68020, 'ALBANIA', 68);
INSERT INTO `ciudad` VALUES (68051, 'ARATOCA', 68);
INSERT INTO `ciudad` VALUES (68077, 'BARBOSA', 68);
INSERT INTO `ciudad` VALUES (68079, 'BARICHARA', 68);
INSERT INTO `ciudad` VALUES (68081, 'BARRANCABERMEJA', 68);
INSERT INTO `ciudad` VALUES (68092, 'BETULIA', 68);
INSERT INTO `ciudad` VALUES (68101, 'BOLIVAR', 68);
INSERT INTO `ciudad` VALUES (68121, 'CABRERA', 68);
INSERT INTO `ciudad` VALUES (68132, 'CALIFORNIA', 68);
INSERT INTO `ciudad` VALUES (68147, 'CAPITANEJO', 68);
INSERT INTO `ciudad` VALUES (68152, 'CARCASI', 68);
INSERT INTO `ciudad` VALUES (68160, 'CEPITA', 68);
INSERT INTO `ciudad` VALUES (68162, 'CERRITO', 68);
INSERT INTO `ciudad` VALUES (68167, 'CHARALA', 68);
INSERT INTO `ciudad` VALUES (68169, 'CHARTA', 68);
INSERT INTO `ciudad` VALUES (68176, 'CHIMA', 68);
INSERT INTO `ciudad` VALUES (68179, 'CHIPATA', 68);
INSERT INTO `ciudad` VALUES (68190, 'CIMITARRA', 68);
INSERT INTO `ciudad` VALUES (68207, 'CONCEPCION', 68);
INSERT INTO `ciudad` VALUES (68209, 'CONFINES', 68);
INSERT INTO `ciudad` VALUES (68211, 'CONTRATACION', 68);
INSERT INTO `ciudad` VALUES (68217, 'COROMORO', 68);
INSERT INTO `ciudad` VALUES (68229, 'CURITI', 68);
INSERT INTO `ciudad` VALUES (68235, 'EL CARMEN DE CHUCURI', 68);
INSERT INTO `ciudad` VALUES (68245, 'EL GUACAMAYO', 68);
INSERT INTO `ciudad` VALUES (68250, 'EL PEÑON', 68);
INSERT INTO `ciudad` VALUES (68255, 'EL PLAYON', 68);
INSERT INTO `ciudad` VALUES (68264, 'ENCINO', 68);
INSERT INTO `ciudad` VALUES (68266, 'ENCISO', 68);
INSERT INTO `ciudad` VALUES (68271, 'FLORIAN', 68);
INSERT INTO `ciudad` VALUES (68276, 'FLORIDABLANCA', 68);
INSERT INTO `ciudad` VALUES (68296, 'GALAN', 68);
INSERT INTO `ciudad` VALUES (68298, 'GAMBITA', 68);
INSERT INTO `ciudad` VALUES (68307, 'GIRON', 68);
INSERT INTO `ciudad` VALUES (68318, 'GUACA', 68);
INSERT INTO `ciudad` VALUES (68320, 'GUADALUPE', 68);
INSERT INTO `ciudad` VALUES (68322, 'GUAPOTA', 68);
INSERT INTO `ciudad` VALUES (68324, 'GUAVATA', 68);
INSERT INTO `ciudad` VALUES (68327, 'GsEPSA', 68);
INSERT INTO `ciudad` VALUES (68344, 'HATO', 68);
INSERT INTO `ciudad` VALUES (68368, 'JESUS MARIA', 68);
INSERT INTO `ciudad` VALUES (68370, 'JORDAN', 68);
INSERT INTO `ciudad` VALUES (68377, 'LA BELLEZA', 68);
INSERT INTO `ciudad` VALUES (68385, 'LANDAZURI', 68);
INSERT INTO `ciudad` VALUES (68397, 'LA PAZ', 68);
INSERT INTO `ciudad` VALUES (68406, 'LEBRIJA', 68);
INSERT INTO `ciudad` VALUES (68418, 'LOS SANTOS', 68);
INSERT INTO `ciudad` VALUES (68425, 'MACARAVITA', 68);
INSERT INTO `ciudad` VALUES (68432, 'MALAGA', 68);
INSERT INTO `ciudad` VALUES (68444, 'MATANZA', 68);
INSERT INTO `ciudad` VALUES (68464, 'MOGOTES', 68);
INSERT INTO `ciudad` VALUES (68468, 'MOLAGAVITA', 68);
INSERT INTO `ciudad` VALUES (68498, 'OCAMONTE', 68);
INSERT INTO `ciudad` VALUES (68500, 'OIBA', 68);
INSERT INTO `ciudad` VALUES (68502, 'ONZAGA', 68);
INSERT INTO `ciudad` VALUES (68522, 'PALMAR', 68);
INSERT INTO `ciudad` VALUES (68524, 'PALMAS DEL SOCORRO', 68);
INSERT INTO `ciudad` VALUES (68533, 'PARAMO', 68);
INSERT INTO `ciudad` VALUES (68547, 'PIEDECUESTA', 68);
INSERT INTO `ciudad` VALUES (68549, 'PINCHOTE', 68);
INSERT INTO `ciudad` VALUES (68572, 'PUENTE NACIONAL', 68);
INSERT INTO `ciudad` VALUES (68573, 'PUERTO PARRA', 68);
INSERT INTO `ciudad` VALUES (68575, 'PUERTO WILCHES', 68);
INSERT INTO `ciudad` VALUES (68615, 'RIONEGRO', 68);
INSERT INTO `ciudad` VALUES (68655, 'SABANA DE TORRES', 68);
INSERT INTO `ciudad` VALUES (68669, 'SAN ANDRES', 68);
INSERT INTO `ciudad` VALUES (68673, 'SAN BENITO', 68);
INSERT INTO `ciudad` VALUES (68679, 'SAN GIL', 68);
INSERT INTO `ciudad` VALUES (68682, 'SAN JOAQUIN', 68);
INSERT INTO `ciudad` VALUES (68684, 'SAN JOSE DE MIRANDA', 68);
INSERT INTO `ciudad` VALUES (68686, 'SAN MIGUEL', 68);
INSERT INTO `ciudad` VALUES (68689, 'SAN VICENTE DE CHUCU', 68);
INSERT INTO `ciudad` VALUES (68705, 'SANTA BARBARA', 68);
INSERT INTO `ciudad` VALUES (68720, 'SANTA HELENA DEL OPO', 68);
INSERT INTO `ciudad` VALUES (68745, 'SIMACOTA', 68);
INSERT INTO `ciudad` VALUES (68755, 'SOCORRO', 68);
INSERT INTO `ciudad` VALUES (68770, 'SUAITA', 68);
INSERT INTO `ciudad` VALUES (68773, 'SUCRE', 68);
INSERT INTO `ciudad` VALUES (68780, 'SURATA', 68);
INSERT INTO `ciudad` VALUES (68820, 'TONA', 68);
INSERT INTO `ciudad` VALUES (68855, 'VALLE DE SAN JOSE', 68);
INSERT INTO `ciudad` VALUES (68861, 'VELEZ', 68);
INSERT INTO `ciudad` VALUES (68867, 'VETAS', 68);
INSERT INTO `ciudad` VALUES (68872, 'VILLANUEVA', 68);
INSERT INTO `ciudad` VALUES (68895, 'ZAPATOCA', 68);
INSERT INTO `ciudad` VALUES (70001, 'SINCELEJO', 70);
INSERT INTO `ciudad` VALUES (70110, 'BUENAVISTA', 70);
INSERT INTO `ciudad` VALUES (70124, 'CAIMITO', 70);
INSERT INTO `ciudad` VALUES (70204, 'COLOSO', 70);
INSERT INTO `ciudad` VALUES (70215, 'COROZAL', 70);
INSERT INTO `ciudad` VALUES (70221, 'COVEÑAS', 70);
INSERT INTO `ciudad` VALUES (70230, 'CHALAN', 70);
INSERT INTO `ciudad` VALUES (70233, 'EL ROBLE', 70);
INSERT INTO `ciudad` VALUES (70235, 'GALERAS', 70);
INSERT INTO `ciudad` VALUES (70265, 'GUARANDA', 70);
INSERT INTO `ciudad` VALUES (70400, 'LA UNION', 70);
INSERT INTO `ciudad` VALUES (70418, 'LOS PALMITOS', 70);
INSERT INTO `ciudad` VALUES (70429, 'MAJAGUAL', 70);
INSERT INTO `ciudad` VALUES (70473, 'MORROA', 70);
INSERT INTO `ciudad` VALUES (70508, 'OVEJAS', 70);
INSERT INTO `ciudad` VALUES (70523, 'PALMITO', 70);
INSERT INTO `ciudad` VALUES (70670, 'SAMPUES', 70);
INSERT INTO `ciudad` VALUES (70678, 'SAN BENITO ABAD', 70);
INSERT INTO `ciudad` VALUES (70702, 'SAN JUAN DE BETULIA', 70);
INSERT INTO `ciudad` VALUES (70708, 'SAN MARCOS', 70);
INSERT INTO `ciudad` VALUES (70713, 'SAN ONOFRE', 70);
INSERT INTO `ciudad` VALUES (70717, 'SAN PEDRO', 70);
INSERT INTO `ciudad` VALUES (70742, 'SAN LUIS DE SINCE', 70);
INSERT INTO `ciudad` VALUES (70771, 'SUCRE', 70);
INSERT INTO `ciudad` VALUES (70820, 'SANTIAGO DE TOLU', 70);
INSERT INTO `ciudad` VALUES (70823, 'TOLU VIEJO', 70);
INSERT INTO `ciudad` VALUES (73001, 'IBAGUE', 73);
INSERT INTO `ciudad` VALUES (73024, 'ALPUJARRA', 73);
INSERT INTO `ciudad` VALUES (73026, 'ALVARADO', 73);
INSERT INTO `ciudad` VALUES (73030, 'AMBALEMA', 73);
INSERT INTO `ciudad` VALUES (73043, 'ANZOATEGUI', 73);
INSERT INTO `ciudad` VALUES (73055, 'ARMERO', 73);
INSERT INTO `ciudad` VALUES (73067, 'ATACO', 73);
INSERT INTO `ciudad` VALUES (73124, 'CAJAMARCA', 73);
INSERT INTO `ciudad` VALUES (73148, 'CARMEN DE APICALA', 73);
INSERT INTO `ciudad` VALUES (73152, 'CASABIANCA', 73);
INSERT INTO `ciudad` VALUES (73168, 'CHAPARRAL', 73);
INSERT INTO `ciudad` VALUES (73200, 'COELLO', 73);
INSERT INTO `ciudad` VALUES (73217, 'COYAIMA', 73);
INSERT INTO `ciudad` VALUES (73226, 'CUNDAY', 73);
INSERT INTO `ciudad` VALUES (73236, 'DOLORES', 73);
INSERT INTO `ciudad` VALUES (73268, 'ESPINAL', 73);
INSERT INTO `ciudad` VALUES (73270, 'FALAN', 73);
INSERT INTO `ciudad` VALUES (73275, 'FLANDES', 73);
INSERT INTO `ciudad` VALUES (73283, 'FRESNO', 73);
INSERT INTO `ciudad` VALUES (73319, 'GUAMO', 73);
INSERT INTO `ciudad` VALUES (73347, 'HERVEO', 73);
INSERT INTO `ciudad` VALUES (73349, 'HONDA', 73);
INSERT INTO `ciudad` VALUES (73352, 'ICONONZO', 73);
INSERT INTO `ciudad` VALUES (73408, 'LERIDA', 73);
INSERT INTO `ciudad` VALUES (73411, 'LIBANO', 73);
INSERT INTO `ciudad` VALUES (73443, 'MARIQUITA', 73);
INSERT INTO `ciudad` VALUES (73449, 'MELGAR', 73);
INSERT INTO `ciudad` VALUES (73461, 'MURILLO', 73);
INSERT INTO `ciudad` VALUES (73483, 'NATAGAIMA', 73);
INSERT INTO `ciudad` VALUES (73504, 'ORTEGA', 73);
INSERT INTO `ciudad` VALUES (73520, 'PALOCABILDO', 73);
INSERT INTO `ciudad` VALUES (73547, 'PIEDRAS', 73);
INSERT INTO `ciudad` VALUES (73555, 'PLANADAS', 73);
INSERT INTO `ciudad` VALUES (73563, 'PRADO', 73);
INSERT INTO `ciudad` VALUES (73585, 'PURIFICACION', 73);
INSERT INTO `ciudad` VALUES (73616, 'RIOBLANCO', 73);
INSERT INTO `ciudad` VALUES (73622, 'RONCESVALLES', 73);
INSERT INTO `ciudad` VALUES (73624, 'ROVIRA', 73);
INSERT INTO `ciudad` VALUES (73671, 'SALDAÑA', 73);
INSERT INTO `ciudad` VALUES (73675, 'SAN ANTONIO', 73);
INSERT INTO `ciudad` VALUES (73678, 'SAN LUIS', 73);
INSERT INTO `ciudad` VALUES (73686, 'SANTA ISABEL', 73);
INSERT INTO `ciudad` VALUES (73770, 'SUAREZ', 73);
INSERT INTO `ciudad` VALUES (73854, 'VALLE DE SAN JUAN', 73);
INSERT INTO `ciudad` VALUES (73861, 'VENADILLO', 73);
INSERT INTO `ciudad` VALUES (73870, 'VILLAHERMOSA', 73);
INSERT INTO `ciudad` VALUES (73873, 'VILLARRICA', 73);
INSERT INTO `ciudad` VALUES (76001, 'CALI', 76);
INSERT INTO `ciudad` VALUES (76020, 'ALCALA', 76);
INSERT INTO `ciudad` VALUES (76036, 'ANDALUCIA', 76);
INSERT INTO `ciudad` VALUES (76041, 'ANSERMANUEVO', 76);
INSERT INTO `ciudad` VALUES (76054, 'ARGELIA', 76);
INSERT INTO `ciudad` VALUES (76100, 'BOLIVAR', 76);
INSERT INTO `ciudad` VALUES (76109, 'BUENAVENTURA', 76);
INSERT INTO `ciudad` VALUES (76111, 'GUADALAJARA DE BUGA', 76);
INSERT INTO `ciudad` VALUES (76113, 'BUGALAGRANDE', 76);
INSERT INTO `ciudad` VALUES (76122, 'CAICEDONIA', 76);
INSERT INTO `ciudad` VALUES (76126, 'CALIMA', 76);
INSERT INTO `ciudad` VALUES (76130, 'CANDELARIA', 76);
INSERT INTO `ciudad` VALUES (76147, 'CARTAGO', 76);
INSERT INTO `ciudad` VALUES (76233, 'DAGUA', 76);
INSERT INTO `ciudad` VALUES (76243, 'EL AGUILA', 76);
INSERT INTO `ciudad` VALUES (76246, 'EL CAIRO', 76);
INSERT INTO `ciudad` VALUES (76248, 'EL CERRITO', 76);
INSERT INTO `ciudad` VALUES (76250, 'EL DOVIO', 76);
INSERT INTO `ciudad` VALUES (76275, 'FLORIDA', 76);
INSERT INTO `ciudad` VALUES (76306, 'GINEBRA', 76);
INSERT INTO `ciudad` VALUES (76318, 'GUACARI', 76);
INSERT INTO `ciudad` VALUES (76364, 'JAMUNDI', 76);
INSERT INTO `ciudad` VALUES (76377, 'LA CUMBRE', 76);
INSERT INTO `ciudad` VALUES (76400, 'LA UNION', 76);
INSERT INTO `ciudad` VALUES (76403, 'LA VICTORIA', 76);
INSERT INTO `ciudad` VALUES (76497, 'OBANDO', 76);
INSERT INTO `ciudad` VALUES (76520, 'PALMIRA', 76);
INSERT INTO `ciudad` VALUES (76563, 'PRADERA', 76);
INSERT INTO `ciudad` VALUES (76606, 'RESTREPO', 76);
INSERT INTO `ciudad` VALUES (76616, 'RIOFRIO', 76);
INSERT INTO `ciudad` VALUES (76622, 'ROLDANILLO', 76);
INSERT INTO `ciudad` VALUES (76670, 'SAN PEDRO', 76);
INSERT INTO `ciudad` VALUES (76736, 'SEVILLA', 76);
INSERT INTO `ciudad` VALUES (76823, 'TORO', 76);
INSERT INTO `ciudad` VALUES (76828, 'TRUJILLO', 76);
INSERT INTO `ciudad` VALUES (76834, 'TULUA', 76);
INSERT INTO `ciudad` VALUES (76845, 'ULLOA', 76);
INSERT INTO `ciudad` VALUES (76863, 'VERSALLES', 76);
INSERT INTO `ciudad` VALUES (76869, 'VIJES', 76);
INSERT INTO `ciudad` VALUES (76890, 'YOTOCO', 76);
INSERT INTO `ciudad` VALUES (76892, 'YUMBO', 76);
INSERT INTO `ciudad` VALUES (76895, 'ZARZAL', 76);
INSERT INTO `ciudad` VALUES (81001, 'ARAUCA', 81);
INSERT INTO `ciudad` VALUES (81065, 'ARAUQUITA', 81);
INSERT INTO `ciudad` VALUES (81220, 'CRAVO NORTE', 81);
INSERT INTO `ciudad` VALUES (81300, 'FORTUL', 81);
INSERT INTO `ciudad` VALUES (81591, 'PUERTO RONDON', 81);
INSERT INTO `ciudad` VALUES (81736, 'SARAVENA', 81);
INSERT INTO `ciudad` VALUES (81794, 'TAME', 81);
INSERT INTO `ciudad` VALUES (85001, 'YOPAL', 85);
INSERT INTO `ciudad` VALUES (85010, 'AGUAZUL', 85);
INSERT INTO `ciudad` VALUES (85015, 'CHAMEZA', 85);
INSERT INTO `ciudad` VALUES (85125, 'HATO COROZAL', 85);
INSERT INTO `ciudad` VALUES (85136, 'LA SALINA', 85);
INSERT INTO `ciudad` VALUES (85139, 'MANI', 85);
INSERT INTO `ciudad` VALUES (85162, 'MONTERREY', 85);
INSERT INTO `ciudad` VALUES (85225, 'NUNCHIA', 85);
INSERT INTO `ciudad` VALUES (85230, 'OROCUE', 85);
INSERT INTO `ciudad` VALUES (85250, 'PAZ DE ARIPORO', 85);
INSERT INTO `ciudad` VALUES (85263, 'PORE', 85);
INSERT INTO `ciudad` VALUES (85279, 'RECETOR', 85);
INSERT INTO `ciudad` VALUES (85300, 'SABANALARGA', 85);
INSERT INTO `ciudad` VALUES (85315, 'SACAMA', 85);
INSERT INTO `ciudad` VALUES (85325, 'SAN LUIS DE PALENQUE', 85);
INSERT INTO `ciudad` VALUES (85400, 'TAMARA', 85);
INSERT INTO `ciudad` VALUES (85410, 'TAURAMENA', 85);
INSERT INTO `ciudad` VALUES (85430, 'TRINIDAD', 85);
INSERT INTO `ciudad` VALUES (85440, 'VILLANUEVA', 85);
INSERT INTO `ciudad` VALUES (86001, 'MOCOA', 86);
INSERT INTO `ciudad` VALUES (86219, 'COLON', 86);
INSERT INTO `ciudad` VALUES (86320, 'ORITO', 86);
INSERT INTO `ciudad` VALUES (86568, 'PUERTO ASIS', 86);
INSERT INTO `ciudad` VALUES (86569, 'PUERTO CAICEDO', 86);
INSERT INTO `ciudad` VALUES (86571, 'PUERTO GUZMAN', 86);
INSERT INTO `ciudad` VALUES (86573, 'LEGUIZAMO', 86);
INSERT INTO `ciudad` VALUES (86749, 'SIBUNDOY', 86);
INSERT INTO `ciudad` VALUES (86755, 'SAN FRANCISCO', 86);
INSERT INTO `ciudad` VALUES (86757, 'SAN MIGUEL', 86);
INSERT INTO `ciudad` VALUES (86760, 'SANTIAGO', 86);
INSERT INTO `ciudad` VALUES (86865, 'VALLE DEL GUAMUEZ', 86);
INSERT INTO `ciudad` VALUES (86885, 'VILLAGARZON', 86);
INSERT INTO `ciudad` VALUES (88001, 'SAN ANDRES', 88);
INSERT INTO `ciudad` VALUES (88564, 'PROVIDENCIA', 88);
INSERT INTO `ciudad` VALUES (91001, 'LETICIA', 91);
INSERT INTO `ciudad` VALUES (91263, 'EL ENCANTO', 91);
INSERT INTO `ciudad` VALUES (91405, 'LA CHORRERA', 91);
INSERT INTO `ciudad` VALUES (91407, 'LA PEDRERA', 91);
INSERT INTO `ciudad` VALUES (91430, 'LA VICTORIA', 91);
INSERT INTO `ciudad` VALUES (91460, 'MIRITI - PARANA', 91);
INSERT INTO `ciudad` VALUES (91530, 'PUERTO ALEGRIA', 91);
INSERT INTO `ciudad` VALUES (91536, 'PUERTO ARICA', 91);
INSERT INTO `ciudad` VALUES (91540, 'PUERTO NARIÑO', 91);
INSERT INTO `ciudad` VALUES (91669, 'PUERTO SANTANDER', 91);
INSERT INTO `ciudad` VALUES (91798, 'TARAPACA', 91);
INSERT INTO `ciudad` VALUES (94001, 'INIRIDA', 94);
INSERT INTO `ciudad` VALUES (94343, 'BARRANCO MINAS', 94);
INSERT INTO `ciudad` VALUES (94663, 'MAPIRIPANA', 94);
INSERT INTO `ciudad` VALUES (94883, 'SAN FELIPE', 94);
INSERT INTO `ciudad` VALUES (94884, 'PUERTO COLOMBIA', 94);
INSERT INTO `ciudad` VALUES (94885, 'LA GUADALUPE', 94);
INSERT INTO `ciudad` VALUES (94886, 'CACAHUAL', 94);
INSERT INTO `ciudad` VALUES (94887, 'PANA PANA', 94);
INSERT INTO `ciudad` VALUES (94888, 'MORICHAL', 94);
INSERT INTO `ciudad` VALUES (95001, 'SAN JOSE DEL GUAVIAR', 95);
INSERT INTO `ciudad` VALUES (95015, 'CALAMAR', 95);
INSERT INTO `ciudad` VALUES (95025, 'EL RETORNO', 95);
INSERT INTO `ciudad` VALUES (95200, 'MIRAFLORES', 95);
INSERT INTO `ciudad` VALUES (97001, 'MITU', 97);
INSERT INTO `ciudad` VALUES (97161, 'CARURU', 97);
INSERT INTO `ciudad` VALUES (97511, 'PACOA', 97);
INSERT INTO `ciudad` VALUES (97666, 'TARAIRA', 97);
INSERT INTO `ciudad` VALUES (97777, 'PAPUNAUA', 97);
INSERT INTO `ciudad` VALUES (97889, 'YAVARATE', 97);
INSERT INTO `ciudad` VALUES (99001, 'PUERTO CARREÑO', 99);
INSERT INTO `ciudad` VALUES (99524, 'LA PRIMAVERA', 99);
INSERT INTO `ciudad` VALUES (99624, 'SANTA ROSALIA', 99);
INSERT INTO `ciudad` VALUES (99773, 'CUMARIBO', 99);

-- --------------------------------------------------------

-- 
-- Estructura de tabla para la tabla `departamento`
-- 

CREATE TABLE `departamento` (
  `id_depart` int(11) NOT NULL,
  `nombre_depart` varchar(20) NOT NULL,
  PRIMARY KEY  (`id_depart`)
) ENGINE=InnoDB DEFAULT CHARSET=utf8;

-- 
-- Volcar la base de datos para la tabla `departamento`
-- 

INSERT INTO `departamento` VALUES (5, 'Antioquia');
INSERT INTO `departamento` VALUES (8, 'Atlántico');
INSERT INTO `departamento` VALUES (11, 'Bogotá D.C.');
INSERT INTO `departamento` VALUES (13, 'Bolívar');
INSERT INTO `departamento` VALUES (15, 'Boyacá');
INSERT INTO `departamento` VALUES (17, 'Caldas');
INSERT INTO `departamento` VALUES (18, 'Caquetá');
INSERT INTO `departamento` VALUES (19, 'Cauca');
INSERT INTO `departamento` VALUES (20, 'Cesar');
INSERT INTO `departamento` VALUES (23, 'Córdoba');
INSERT INTO `departamento` VALUES (25, 'Cundinamarca');
INSERT INTO `departamento` VALUES (27, 'Chocó');
INSERT INTO `departamento` VALUES (41, 'Huila');
INSERT INTO `departamento` VALUES (44, 'La Guajira');
INSERT INTO `departamento` VALUES (47, 'Magdalena');
INSERT INTO `departamento` VALUES (50, 'Meta');
INSERT INTO `departamento` VALUES (52, 'Nariño');
INSERT INTO `departamento` VALUES (54, 'Norte de Santander');
INSERT INTO `departamento` VALUES (63, 'Quindío');
INSERT INTO `departamento` VALUES (66, 'Risaralda');
INSERT INTO `departamento` VALUES (68, 'Santander');
INSERT INTO `departamento` VALUES (70, 'Sucre');
INSERT INTO `departamento` VALUES (73, 'Tolima');
INSERT INTO `departamento` VALUES (76, 'Valle del Cauca');
INSERT INTO `departamento` VALUES (81, 'Arauca');
INSERT INTO `departamento` VALUES (85, 'Casanare');
INSERT INTO `departamento` VALUES (86, 'Putumayo');
INSERT INTO `departamento` VALUES (88, 'San Andrés');
INSERT INTO `departamento` VALUES (91, 'Amazonas');
INSERT INTO `departamento` VALUES (94, 'Guainía');
INSERT INTO `departamento` VALUES (95, 'Guaviare');
INSERT INTO `departamento` VALUES (97, 'Vaupés');
INSERT INTO `departamento` VALUES (99, 'Vichada');

-- --------------------------------------------------------

-- 
-- Estructura de tabla para la tabla `especializaciones`
-- 

CREATE TABLE `especializaciones` (
  `id_especi` int(11) NOT NULL auto_increment,
  `nom_especi` varchar(80) NOT NULL,
  `costo_especi` varchar(50) NOT NULL,
  PRIMARY KEY  (`id_especi`)
) ENGINE=InnoDB  DEFAULT CHARSET=utf8 AUTO_INCREMENT=37 ;

-- 
-- Volcar la base de datos para la tabla `especializaciones`
-- 

INSERT INTO `especializaciones` VALUES (1, 'Especialización en Gestión Pública', '0');
INSERT INTO `especializaciones` VALUES (2, 'Especialización en Gerencia Ambiental', '0');
INSERT INTO `especializaciones` VALUES (3, 'Especialización en Gerencia Social', '0');
INSERT INTO `especializaciones` VALUES (4, 'Especialización en Administración Pública Contemporánea', '0');
INSERT INTO `especializaciones` VALUES (5, 'Especialización en Finanzas Públicas', '0');
INSERT INTO `especializaciones` VALUES (6, 'Especialización en Proyectos de Desarrollo', '0');
INSERT INTO `especializaciones` VALUES (7, 'Especialización en Gerencia Hospitalaria', '0');
INSERT INTO `especializaciones` VALUES (8, 'Especialización en Alta Dirección del Estado', '0');
INSERT INTO `especializaciones` VALUES (9, 'Especialización en Derechos Humanos', '0');
INSERT INTO `especializaciones` VALUES (10, 'Especialización en Ciencia y Tecnología Cosmética', '0');
INSERT INTO `especializaciones` VALUES (11, 'Especialización en Ciencias Físicas', '0');
INSERT INTO `especializaciones` VALUES (12, 'Especialización en Automatización Industrial', '0');
INSERT INTO `especializaciones` VALUES (13, 'Especialización en Iluminación Pública y Privada', '0');
INSERT INTO `especializaciones` VALUES (14, 'Especialización en Ambiente y Desarrollo Local', '0');
INSERT INTO `especializaciones` VALUES (15, 'Especialización en Desarrollo Humano con Énfasis en Procesos Afectivos y Creativ', '0');
INSERT INTO `especializaciones` VALUES (16, 'Especialización en Diseño de Vías Urbanas Tránsito y Transporte', '0');
INSERT INTO `especializaciones` VALUES (17, 'Especialización en Educación en Tecnología', '0');
INSERT INTO `especializaciones` VALUES (18, 'Especialización en Educación Matemática', '0');
INSERT INTO `especializaciones` VALUES (19, 'Especialización en Educación y Gestión Ambiental', '0');
INSERT INTO `especializaciones` VALUES (20, 'Especialización en Gerencia de Proyectos Educativos Institucionales', '0');
INSERT INTO `especializaciones` VALUES (21, 'Especialización en Geomática', '0');
INSERT INTO `especializaciones` VALUES (22, 'Especialización en Gerencia de la Calidad', '0');
INSERT INTO `especializaciones` VALUES (23, 'Especialización en Gerencia Integral de proyectos', '0');
INSERT INTO `especializaciones` VALUES (24, 'Especialización en Ingeniería de Pavimentos', '0');
INSERT INTO `especializaciones` VALUES (25, 'Especialización en Gerencia en Logística Integral', '0');
INSERT INTO `especializaciones` VALUES (26, 'Especialización en Planeación Ambiental y Manejo Integral de los Recursos Natura', '0');
INSERT INTO `especializaciones` VALUES (27, 'Especialización en Educación Superior', '0');
INSERT INTO `especializaciones` VALUES (28, 'Especialización en Procesos de Alimentos', '0');
INSERT INTO `especializaciones` VALUES (29, 'Especialización en Biotecnologia Agraria', '0');
INSERT INTO `especializaciones` VALUES (30, 'Especialización en Pedagogía', '0');
INSERT INTO `especializaciones` VALUES (31, 'Especialización en Tecnologías de la Información', '0');
INSERT INTO `especializaciones` VALUES (32, 'Especialización en Docencia de las Ciencias para el Nivel Basico', '0');
INSERT INTO `especializaciones` VALUES (33, 'Especialización en Gerencia de Laboratorios', '0');
INSERT INTO `especializaciones` VALUES (34, 'Especialización en Gerencia en Salud Ocupacional', '0');
INSERT INTO `especializaciones` VALUES (35, 'Especialización en Promoción en Salud y Desarrollo Humano', '0');
INSERT INTO `especializaciones` VALUES (36, 'Especialización en Construcción Sostenible', '0');

-- --------------------------------------------------------

-- 
-- Estructura de tabla para la tabla `nivel_academico`
-- 

CREATE TABLE `nivel_academico` (
  `id_nivel_academico` int(11) NOT NULL,
  `nombre_nivel_academico` varchar(50) NOT NULL,
  PRIMARY KEY  (`id_nivel_academico`)
) ENGINE=InnoDB DEFAULT CHARSET=utf8;

-- 
-- Volcar la base de datos para la tabla `nivel_academico`
-- 

INSERT INTO `nivel_academico` VALUES (1, 'Bachiller Academico');
INSERT INTO `nivel_academico` VALUES (2, 'Tecnico ');
INSERT INTO `nivel_academico` VALUES (3, 'Tecnologo');
INSERT INTO `nivel_academico` VALUES (4, 'Pregrado ');
INSERT INTO `nivel_academico` VALUES (5, 'Posgrado ');
INSERT INTO `nivel_academico` VALUES (6, 'Profesional');

-- --------------------------------------------------------

-- 
-- Estructura de tabla para la tabla `perfiles`
-- 

CREATE TABLE `perfiles` (
  `id_perfil` int(11) NOT NULL auto_increment,
  `nom_perfil` varchar(50) NOT NULL,
  PRIMARY KEY  (`id_perfil`)
) ENGINE=InnoDB  DEFAULT CHARSET=utf8 AUTO_INCREMENT=3 ;

-- 
-- Volcar la base de datos para la tabla `perfiles`
-- 

INSERT INTO `perfiles` VALUES (1, 'Administrador');
INSERT INTO `perfiles` VALUES (2, 'Usuario');

-- --------------------------------------------------------

-- 
-- Estructura de tabla para la tabla `sexo`
-- 

CREATE TABLE `sexo` (
  `id_sexo` int(11) NOT NULL,
  `nombre_sexo` varchar(20) NOT NULL,
  PRIMARY KEY  (`id_sexo`)
) ENGINE=InnoDB DEFAULT CHARSET=utf8;

-- 
-- Volcar la base de datos para la tabla `sexo`
-- 

INSERT INTO `sexo` VALUES (1, 'Masculino ');
INSERT INTO `sexo` VALUES (2, 'Femenino');
INSERT INTO `sexo` VALUES (3, 'Interminado');

-- --------------------------------------------------------

-- 
-- Estructura de tabla para la tabla `tipo_documento`
-- 

CREATE TABLE `tipo_documento` (
  `id_doc` int(11) NOT NULL,
  `nombre_t_doc` varchar(20) NOT NULL,
  PRIMARY KEY  (`id_doc`)
) ENGINE=InnoDB DEFAULT CHARSET=utf8;

-- 
-- Volcar la base de datos para la tabla `tipo_documento`
-- 

INSERT INTO `tipo_documento` VALUES (1, 'Tarjeta de identidad');
INSERT INTO `tipo_documento` VALUES (2, 'Cedula de cuidadania');
INSERT INTO `tipo_documento` VALUES (3, 'Cedula de Extranjeri');
INSERT INTO `tipo_documento` VALUES (4, 'Pasaporte');
INSERT INTO `tipo_documento` VALUES (5, 'Documento Nacional d');
INSERT INTO `tipo_documento` VALUES (6, 'Numero de identifica');

-- --------------------------------------------------------

-- 
-- Estructura de tabla para la tabla `tipo_universidad`
-- 

CREATE TABLE `tipo_universidad` (
  `id_tipouni` int(11) NOT NULL auto_increment,
  `nom_tipouni` varchar(50) NOT NULL,
  PRIMARY KEY  (`id_tipouni`)
) ENGINE=InnoDB  DEFAULT CHARSET=utf8 AUTO_INCREMENT=3 ;

-- 
-- Volcar la base de datos para la tabla `tipo_universidad`
-- 

INSERT INTO `tipo_universidad` VALUES (1, 'Publica');
INSERT INTO `tipo_universidad` VALUES (2, 'Privada');

-- --------------------------------------------------------

-- 
-- Estructura de tabla para la tabla `universidades`
-- 

CREATE TABLE `universidades` (
  `id_uni` int(11) NOT NULL,
  `nombre_uni` varchar(20) NOT NULL,
  `direccion_uni` varchar(20) NOT NULL,
  `ciudad_uni` int(11) NOT NULL,
  `telefono_uni` varchar(50) NOT NULL,
  `tipouni_uni` int(11) NOT NULL,
  PRIMARY KEY  (`id_uni`),
  KEY `ciudad_uni` (`ciudad_uni`),
  KEY `tipouni_uni` (`tipouni_uni`)
) ENGINE=InnoDB DEFAULT CHARSET=utf8;

-- 
-- Volcar la base de datos para la tabla `universidades`
-- 

INSERT INTO `universidades` VALUES (0, ' Escuela Superior de', 'Cl. 44 #carrera 54', 11111, '4587152', 1);
INSERT INTO `universidades` VALUES (2, 'Universidad Nacional', 'Cra 45', 11111, '3165000', 1);
INSERT INTO `universidades` VALUES (3, 'Universidad Distrita', 'Cra. 8 #40-62', 11111, '3239300', 1);
INSERT INTO `universidades` VALUES (4, 'Universidad Militar ', 'KR11 #101', 11111, '6500000', 1);
INSERT INTO `universidades` VALUES (5, 'Universidad Nacional', 'Autosur #12-38 Sur', 11111, '3443700', 1);
INSERT INTO `universidades` VALUES (6, 'Universidad Pedagógi', 'Ac 72 #11', 11111, '5941894', 1);
INSERT INTO `universidades` VALUES (7, 'Universidad Colegio ', 'Calle 28 No. 6-02', 11111, '2418800', 1);
INSERT INTO `universidades` VALUES (8, 'Corporación Universi', 'Cra. 74 #81 C-05', 11111, '2525890', 2);
INSERT INTO `universidades` VALUES (9, 'Colegio de Estudios ', 'Diagonal 35 #5a-57', 11111, '3395300', 2);
INSERT INTO `universidades` VALUES (10, 'Escuela Colombiana d', 'AK 45 (Autonorte) #2', 11111, '6683600', 2);
INSERT INTO `universidades` VALUES (11, 'Escuela Colombiana d', 'Cl. 51 #19-12', 11111, '3537171', 2);
INSERT INTO `universidades` VALUES (12, 'Politécnico Grancolo', 'Calle 16 Sur # 24 - ', 11111, '7455555', 2);
INSERT INTO `universidades` VALUES (13, 'Corporación Internac', 'Cl. 41 #26-56', 11111, '3689618', 2);
INSERT INTO `universidades` VALUES (14, 'Universidad de Améri', 'Avda Circunvalar No.', 11111, '3376680', 2);
INSERT INTO `universidades` VALUES (15, 'Universidad de Cienc', 'Cl. 222 #55-37', 11111, '6684700', 2);
INSERT INTO `universidades` VALUES (16, 'Fundación Universita', 'Cra. 111 #157-61', 11111, '6622222', 2);
INSERT INTO `universidades` VALUES (17, 'Fundación Universita', 'Cl. 71', 11111, '7449191', 2);
INSERT INTO `universidades` VALUES (18, 'Universidad de la Sa', 'Puente Del Comun Chí', 11111, '8615555', 2);
INSERT INTO `universidades` VALUES (19, 'Corporación Unificad', 'Cl. 13 #4', 11111, '321 9095192', 2);
INSERT INTO `universidades` VALUES (20, 'Corporación Universi', 'Cl. 20', 11111, '2862384', 2);

-- --------------------------------------------------------

-- 
-- Estructura de tabla para la tabla `uni_carrera`
-- 

CREATE TABLE `uni_carrera` (
  `cod_uni` int(11) NOT NULL,
  `cod_carrera` int(11) NOT NULL,
  KEY `cod_uni` (`cod_uni`,`cod_carrera`),
  KEY `cod_carrera` (`cod_carrera`)
) ENGINE=InnoDB DEFAULT CHARSET=utf8;

-- 
-- Volcar la base de datos para la tabla `uni_carrera`
-- 

INSERT INTO `uni_carrera` VALUES (0, 1);
INSERT INTO `uni_carrera` VALUES (0, 2);
INSERT INTO `uni_carrera` VALUES (2, 3);
INSERT INTO `uni_carrera` VALUES (2, 4);
INSERT INTO `uni_carrera` VALUES (2, 5);
INSERT INTO `uni_carrera` VALUES (2, 6);
INSERT INTO `uni_carrera` VALUES (3, 7);
INSERT INTO `uni_carrera` VALUES (3, 8);
INSERT INTO `uni_carrera` VALUES (3, 9);
INSERT INTO `uni_carrera` VALUES (3, 10);
INSERT INTO `uni_carrera` VALUES (3, 11);
INSERT INTO `uni_carrera` VALUES (4, 12);
INSERT INTO `uni_carrera` VALUES (4, 13);
INSERT INTO `uni_carrera` VALUES (4, 14);
INSERT INTO `uni_carrera` VALUES (4, 15);
INSERT INTO `uni_carrera` VALUES (4, 16);
INSERT INTO `uni_carrera` VALUES (5, 17);
INSERT INTO `uni_carrera` VALUES (5, 18);
INSERT INTO `uni_carrera` VALUES (5, 19);
INSERT INTO `uni_carrera` VALUES (5, 20);
INSERT INTO `uni_carrera` VALUES (5, 21);
INSERT INTO `uni_carrera` VALUES (5, 22);
INSERT INTO `uni_carrera` VALUES (6, 23);
INSERT INTO `uni_carrera` VALUES (6, 24);
INSERT INTO `uni_carrera` VALUES (6, 25);
INSERT INTO `uni_carrera` VALUES (6, 26);
INSERT INTO `uni_carrera` VALUES (6, 27);
INSERT INTO `uni_carrera` VALUES (6, 28);
INSERT INTO `uni_carrera` VALUES (6, 29);
INSERT INTO `uni_carrera` VALUES (7, 30);
INSERT INTO `uni_carrera` VALUES (7, 31);
INSERT INTO `uni_carrera` VALUES (7, 32);
INSERT INTO `uni_carrera` VALUES (7, 33);
INSERT INTO `uni_carrera` VALUES (7, 34);
INSERT INTO `uni_carrera` VALUES (7, 35);
INSERT INTO `uni_carrera` VALUES (7, 36);

-- --------------------------------------------------------

-- 
-- Estructura de tabla para la tabla `uni_especi`
-- 

CREATE TABLE `uni_especi` (
  `cod_uni` int(11) NOT NULL,
  `cod_especi` int(11) NOT NULL,
  KEY `cod_uni` (`cod_uni`,`cod_especi`),
  KEY `cod_especi` (`cod_especi`)
) ENGINE=InnoDB DEFAULT CHARSET=utf8;

-- 
-- Volcar la base de datos para la tabla `uni_especi`
-- 

INSERT INTO `uni_especi` VALUES (0, 1);
INSERT INTO `uni_especi` VALUES (0, 2);
INSERT INTO `uni_especi` VALUES (0, 3);
INSERT INTO `uni_especi` VALUES (0, 4);
INSERT INTO `uni_especi` VALUES (0, 5);
INSERT INTO `uni_especi` VALUES (0, 6);
INSERT INTO `uni_especi` VALUES (0, 7);
INSERT INTO `uni_especi` VALUES (0, 8);
INSERT INTO `uni_especi` VALUES (0, 9);
INSERT INTO `uni_especi` VALUES (2, 10);
INSERT INTO `uni_especi` VALUES (2, 11);
INSERT INTO `uni_especi` VALUES (2, 12);
INSERT INTO `uni_especi` VALUES (2, 13);
INSERT INTO `uni_especi` VALUES (3, 14);
INSERT INTO `uni_especi` VALUES (3, 15);
INSERT INTO `uni_especi` VALUES (3, 16);
INSERT INTO `uni_especi` VALUES (3, 17);
INSERT INTO `uni_especi` VALUES (3, 18);
INSERT INTO `uni_especi` VALUES (3, 19);
INSERT INTO `uni_especi` VALUES (3, 20);
INSERT INTO `uni_especi` VALUES (4, 21);
INSERT INTO `uni_especi` VALUES (4, 22);
INSERT INTO `uni_especi` VALUES (4, 23);
INSERT INTO `uni_especi` VALUES (4, 24);
INSERT INTO `uni_especi` VALUES (4, 25);
INSERT INTO `uni_especi` VALUES (5, 26);
INSERT INTO `uni_especi` VALUES (5, 27);
INSERT INTO `uni_especi` VALUES (5, 28);
INSERT INTO `uni_especi` VALUES (5, 29);
INSERT INTO `uni_especi` VALUES (6, 30);
INSERT INTO `uni_especi` VALUES (6, 31);
INSERT INTO `uni_especi` VALUES (6, 32);
INSERT INTO `uni_especi` VALUES (7, 33);
INSERT INTO `uni_especi` VALUES (7, 34);
INSERT INTO `uni_especi` VALUES (7, 35);
INSERT INTO `uni_especi` VALUES (7, 36);

-- --------------------------------------------------------

-- 
-- Estructura de tabla para la tabla `usuarios`
-- 

CREATE TABLE `usuarios` (
  `id_usuario` int(11) NOT NULL,
  `nombre_usuario` varchar(20) NOT NULL,
  `num_doc` int(11) NOT NULL,
  `tipodoc_usuario` int(11) NOT NULL,
  `sexo_sexousuario` int(11) NOT NULL,
  `edad_usuario` int(11) NOT NULL,
  `contraseña` varchar(20) NOT NULL,
  `ciudad_usuario` int(11) NOT NULL,
  `perfil_usuario` int(11) NOT NULL,
  `nivelacade_usuario` int(11) NOT NULL,
  PRIMARY KEY  (`id_usuario`),
  KEY `tipodoc_usuario` (`tipodoc_usuario`,`sexo_sexousuario`),
  KEY `ciudad_usuario` (`ciudad_usuario`),
  KEY `sexo_sexousuario` (`sexo_sexousuario`),
  KEY `perfil_usuario` (`perfil_usuario`),
  KEY `nivelacade_usuario` (`nivelacade_usuario`)
) ENGINE=InnoDB DEFAULT CHARSET=utf8;

-- 
-- Volcar la base de datos para la tabla `usuarios`
-- 


-- 
-- Filtros para las tablas descargadas (dump)
-- 

-- 
-- Filtros para la tabla `administradores`
-- 
ALTER TABLE `administradores`
  ADD CONSTRAINT `administradores_ibfk_5` FOREIGN KEY (`perfil_admin`) REFERENCES `perfiles` (`id_perfil`),
  ADD CONSTRAINT `administradores_ibfk_1` FOREIGN KEY (`depart_admin`) REFERENCES `departamento` (`id_depart`),
  ADD CONSTRAINT `administradores_ibfk_2` FOREIGN KEY (`ciudad_ciudad`) REFERENCES `ciudad` (`id_ciudad`),
  ADD CONSTRAINT `administradores_ibfk_3` FOREIGN KEY (`sexo_sexo`) REFERENCES `sexo` (`id_sexo`),
  ADD CONSTRAINT `administradores_ibfk_4` FOREIGN KEY (`tipodoc_tipodoc`) REFERENCES `tipo_documento` (`id_doc`);

-- 
-- Filtros para la tabla `admin_uni`
-- 
ALTER TABLE `admin_uni`
  ADD CONSTRAINT `admin_uni_ibfk_2` FOREIGN KEY (`cod_admin`) REFERENCES `administradores` (`id_admin`),
  ADD CONSTRAINT `admin_uni_ibfk_1` FOREIGN KEY (`cod_uni`) REFERENCES `universidades` (`id_uni`);

-- 
-- Filtros para la tabla `universidades`
-- 
ALTER TABLE `universidades`
  ADD CONSTRAINT `universidades_ibfk_2` FOREIGN KEY (`tipouni_uni`) REFERENCES `tipo_universidad` (`id_tipouni`),
  ADD CONSTRAINT `universidades_ibfk_1` FOREIGN KEY (`ciudad_uni`) REFERENCES `ciudad` (`id_ciudad`);

-- 
-- Filtros para la tabla `uni_carrera`
-- 
ALTER TABLE `uni_carrera`
  ADD CONSTRAINT `uni_carrera_ibfk_2` FOREIGN KEY (`cod_carrera`) REFERENCES `carreras` (`id_carrera`),
  ADD CONSTRAINT `uni_carrera_ibfk_1` FOREIGN KEY (`cod_uni`) REFERENCES `universidades` (`id_uni`);

-- 
-- Filtros para la tabla `uni_especi`
-- 
ALTER TABLE `uni_especi`
  ADD CONSTRAINT `uni_especi_ibfk_2` FOREIGN KEY (`cod_especi`) REFERENCES `especializaciones` (`id_especi`),
  ADD CONSTRAINT `uni_especi_ibfk_1` FOREIGN KEY (`cod_uni`) REFERENCES `universidades` (`id_uni`);

-- 
-- Filtros para la tabla `usuarios`
-- 
ALTER TABLE `usuarios`
  ADD CONSTRAINT `usuarios_ibfk_5` FOREIGN KEY (`nivelacade_usuario`) REFERENCES `nivel_academico` (`id_nivel_academico`),
  ADD CONSTRAINT `usuarios_ibfk_1` FOREIGN KEY (`sexo_sexousuario`) REFERENCES `sexo` (`id_sexo`),
  ADD CONSTRAINT `usuarios_ibfk_2` FOREIGN KEY (`ciudad_usuario`) REFERENCES `ciudad` (`id_ciudad`),
  ADD CONSTRAINT `usuarios_ibfk_3` FOREIGN KEY (`perfil_usuario`) REFERENCES `perfiles` (`id_perfil`),
  ADD CONSTRAINT `usuarios_ibfk_4` FOREIGN KEY (`tipodoc_usuario`) REFERENCES `tipo_documento` (`id_doc`);
